published_at,title,url,source,query,feed,fuente
2026-06-27T07:00:00+00:00,"Venezuela Was on the Cusp of Rebirth. Then Disaster Struck, Again. - The New York Times",https://news.google.com/rss/articles/CBMijAFBVV95cUxOOXhnZU9mZ0hwdUQxa3hhZHRNM3RUdk4wdWJIN0JwN0Y1eE84d0hNNVplY0kwMTljcEV3a0N2NXZ3REgxU1VlYzVNNHJTWDRiMnBhYUk0TXYyZlJFcDFvbzdXUHhPMjdUNklSNmw3c1hLV0l0RThvZGJqaUdSSDRBQXdXSWJaY095aE9WMw?oc=5,The New York Times,Venezuela oil production sanctions economy,https://news.google.com/rss/search?q=Venezuela+oil+production+sanctions+economy&hl=en-US&gl=US&ceid=US:en,Google News RSS filtered to international whitelist
2026-06-06T07:00:00+00:00,Opinion | Venezuela isn’t yet giving Americans enough confidence to invest - The Washington Post,https://news.google.com/rss/articles/CBMirAFBVV95cUxOMm9QRTl4WllzdzZ6b1BXVnpGRzZuOHhuMU03Z1FZOV9ySTQxOGZnczBMMWkwbmpzTWNnVmF4NUhMUmpxemdxZVhQVlY3UTZ1NEgxTE8yVDRLRktSUlRSZVhldFZnX1EyZW9zQWo1OWtVaW5nTmlNY0U4YUlTcGRoWE0yQ1ZMbmM2Y1VsNWtycHpWVVhZWVB0NUJYY0g3NHlDU1RsZGRtcVdJWlZE?oc=5,The Washington Post,Venezuela business investment risk,https://news.google.com/rss/search?q=Venezuela+business+investment+risk&hl=en-US&gl=US&ceid=US:en,Google News RSS filtered to international whitelist
2026-05-14T07:00:00+00:00,Venezuela embarks on $150 billion restructuring of debt amid political turmoil - CNBC,https://news.google.com/rss/articles/CBMijwFBVV95cUxQdjk3UWRURV9kTWtGRmRLWE1KazMzZmRUSDR5NDVvcDh2OXgzMFpJdm9qa2xJQXFjSmhlOTh2V2ltaXJDbEJGeko4NllJZTkybThFX1ozbDFCOUp0eWttZ3ZkSzkxVkdiR0dYajN6cVNoMGtKUjh2RXozSmx3aFh0M0ltcGNiel96aG1pU2hpSdIBlAFBVV95cUxOS1AwaDlabFdQQ3AxTUtDeGFYdWR1OTRoSVUtU0h0WmsyOFZMXzkybVJHOVpodnNIR0Y3YURVYlk0YlFGcGdJc0hqdWowOF9BY1lKTE94NDI0N3RCakhjbVlhWGpua0dIampZVFBSXzdDcERoUndpYUREUlVLQTNZUWpoWHlJbDk2NEtvdl82ci1FY3dk?oc=5,CNBC,Venezuela oil production sanctions economy,https://news.google.com/rss/search?q=Venezuela+oil+production+sanctions+economy&hl=en-US&gl=US&ceid=US:en,Google News RSS filtered to international whitelist
2026-04-23T07:00:00+00:00,Colombia's leader to visit Venezuela for key talks with acting President Delcy Rodriguez - The Washington Post,https://news.google.com/rss/articles/CBMi2wFBVV95cUxOYXR6ZDRrUXZkeUZmMVVhaGZPTUJsbFZHOWFiLWZHMUJKMEtOWl9tRHl6QUtLUFVfOE4yUVZCaDNiNUlHMWpBWHFMRzFPOVRjSjg5NjJ0OTZKMWVXRmE1bEdzNUZpTTRwaS1ObzAyeE9PcUk2UFotdW5BN1N6SUxtUjlJR09zbUtqM1ZtU19QSmE4WFlmaFVPa18zSHNIUTF6TWx1cjd3Qm50V3ZDQmhXOVAzOE81eS0tUmNMeV8yaklkdlVDTkRkVW9KN2xPbmlINGFUUC1tbF8xWVk?oc=5,The Washington Post,Venezuela investment climate economy,https://news.google.com/rss/search?q=Venezuela+investment+climate+economy&hl=en-US&gl=US&ceid=US:en,Google News RSS filtered to international whitelist
2026-04-23T07:00:00+00:00,Venezuela was promised an economic revival. But three months of minimum wage doesn’t add up to a single US dollar - CNN,https://news.google.com/rss/articles/CBMijAFBVV95cUxOcDJtVEdhbVQxYkpFQnRzbjVDM0ZJY3hWbXNSSjh1VjBLOHlYQ0NXQkthSFl1WFpYTzRmNkNaWHFDcnowczNRWFFGRnVZem92Z0hkX1poRmo1U2FLS0hucEJSMmFlcnhHS0dUb3NOX2htVmlLbktFTlR1RDA0Yjh4dzFSTE02bnp5dTRfUQ?oc=5,CNN,Venezuela inflation currency economy,https://news.google.com/rss/search?q=Venezuela+inflation+currency+economy&hl=en-US&gl=US&ceid=US:en,Google News RSS filtered to international whitelist
2026-04-15T07:00:00+00:00,Venezuela Braces for Economic Collapse From U.S. Blockade on Oil Exports - The New York Times,https://news.google.com/rss/articles/CBMikgFBVV95cUxQY3FoYjEweDhfaXNKdGRwZUNvakUzQXNVM29sNXdRdEx4RDFuN2lzU2ljWWlDcTdETU9pem5qNXdmTm4wSXg0WjllU0wtbXFudGNwVmFtaDM0eXc1VkdpbkM3T1hnV0dOMDY1R2FzdW9HT3J0a3FLQkRlVmVQMlF1VGdERTdBcUFLOThFWFl1cnRiZw?oc=5,The New York Times,Venezuela oil production sanctions economy,https://news.google.com/rss/search?q=Venezuela+oil+production+sanctions+economy&hl=en-US&gl=US&ceid=US:en,Google News RSS filtered to international whitelist
2026-04-13T07:00:00+00:00,"Venezuela hopes to lure back international miners, but it's a risky business - Reuters",https://news.google.com/rss/articles/CBMitwFBVV95cUxNR2JxWWNCam4tRGpWZFZWa3ZrS2ZVc1J0WTFjcVZWU0R4bExPZTg2Y3hUVlRnUzlhSGtmVUI0OWEtb2dmZ0pHRXROeExDck9NSVFQTXozT2FsTE1GV1ZYZ2VWc0NOWFMxRUxkS2tfZEZpYXRhcU5mc2E3Uzh0RDZCMXNJSTgtcDNrM2g2VjZJclpac3RVejJacGVyRjhyLXdPbE1sU0xNTE5TT1l4dXB4THVvc0FCY0k?oc=5,Reuters,Venezuela business investment risk,https://news.google.com/rss/search?q=Venezuela+business+investment+risk&hl=en-US&gl=US&ceid=US:en,Google News RSS filtered to international whitelist
2026-03-30T07:00:00+00:00,"Trump wants to ‘take Iran’s oil’: Can he, and what would that mean? - Al Jazeera",https://news.google.com/rss/articles/CBMiqAFBVV95cUxOZ0NUOVpIdGZxLXVhUU5YSHNDRkVPLWJKUnhxQnR3UDBndHYzbnNOMUFrX195RGhNX2RIbXl3Tnl3ZlB4aFJMZVB1QkYwVGpreGV4T0N2bnA2YmRFVzlRVFRrTkpiVS1KWG51SWtYdGNWYnRVNVROUXZ1VExVdE9uS0hVTW1kUWVsazBwdVFvOEpZVjVuMGk3c2Q3OU9KZk5kZWl0aFZHSFfSAa4BQVVfeXFMT2NFSFJLY01xVlloblA1ZGlfWkN3eDFJOE1PT2JHQm1SMF9BVlpGME9ZZE56NWphRTJUZm91T2szMFhWX3FRbENtVVRtR2QyMEZyQkZ4S0ZTd3k0NUczSUswZ1RGZVIzT2hRNVdyT3JZN0lBclJHRVdJaVczZHFSbk82VnBLNURMd3diMTU3MzVfOW5pdnRjVGZkRnZxMF9FMGVpaU9TRUpYdnd1aGZ3?oc=5,Al Jazeera,Venezuela oil production sanctions economy,https://news.google.com/rss/search?q=Venezuela+oil+production+sanctions+economy&hl=en-US&gl=US&ceid=US:en,Google News RSS filtered to international whitelist
2026-03-23T07:00:00+00:00,"Dollar scarcity in Venezuela forces small firms to raise prices, turn to crypto - Reuters",https://news.google.com/rss/articles/CBMivwFBVV95cUxORGdiRVFFU0NuMEloaWFfMjJQVlZyYnRNZndUejhkUVNFZElYMFZ1bFRpdENzZEZzQ012TXFfVGw5OEtNMEZ6LXEwNFJqRExJeHgtTzhBM0xVSVBiVEpncmNDM2lLUUdBVDFWaktzX3ZtY3F2Ynd6S0tuMXFGX0NtOU1XczhpVGhwVFJCb3NSSVAtd2lOOGhtMEx3QlhkUnNxOTlhOG5CcS00SUViZEZPNkVGckNlbjdfZXZGR09kRQ?oc=5,Reuters,Venezuela inflation currency economy,https://news.google.com/rss/search?q=Venezuela+inflation+currency+economy&hl=en-US&gl=US&ceid=US:en,Google News RSS filtered to international whitelist
2026-03-18T07:00:00+00:00,U.S. eases Venezuela oil sanctions as Trump seeks to boost oil supply during Iran war - NBC News,https://news.google.com/rss/articles/CBMivgFBVV95cUxObHVzbzJzWnB0WkEwVWxzX1RzZ3VBd0EwVHdfM3pSX2otYjFERVhNT24xUWZqTW1BcmN1QldTdklmNTUtbHA4MWxMRjhHMG1LZ1F5bVY0RlRteGxIeFRqWVNvaUVTNXNISW1URHVkZmZsWVRhZmxLdnBuUU5USTZ2dUpPdHB2d1cyQWpvWlFNY2ZORFVmWWxCV2lLaE9IR01iMS1oUWctWkVDel85MGFnaWswM2pKUFNKU2FJTmNR?oc=5,NBC News,Venezuela oil production sanctions economy,https://news.google.com/rss/search?q=Venezuela+oil+production+sanctions+economy&hl=en-US&gl=US&ceid=US:en,Google News RSS filtered to international whitelist
2026-03-13T07:00:00+00:00,US expands Venezuela sanctions waivers in move to boost fertilizer exports and electricity investment - Reuters,https://news.google.com/rss/articles/CBMirgFBVV95cUxQTkVGblN5bDM4T0hBSkNKWm5KS01tSkR0T21HZm8wRlB1LW1GUEJaUnZXcFVFOEY0ZlhvVmp6a2lkY0VWWklsTXZuZmNCRnpCUEhBMGl1dWtyM29IcUQ0RHJvbnBNQmphUF90Q2ZTbFdmbVFCQVh3dDl2a2stS3NuX3FLZG13ampGOTFRNVpXY1lkVUhob0VrblZILVRsakdwQmV6c0d3RmQxT180N2c?oc=5,Reuters,Venezuela oil production sanctions economy,https://news.google.com/rss/search?q=Venezuela+oil+production+sanctions+economy&hl=en-US&gl=US&ceid=US:en,Google News RSS filtered to international whitelist
2026-03-10T07:00:00+00:00,Trump says some sanctions to be lifted on oil producers amid Iran war - Al Jazeera,https://news.google.com/rss/articles/CBMiswFBVV95cUxOVk96Zlhfa3VvYWlDdVhmUF83VndiRlUyYnZDYXBLdUpLdVpTSGpxYjBLWUNCUHFWaWFQSVFtQlI4SUJlbUFKVkxUcWVEV0sxUjY2WjRtaU1PY1pVcmV0QXlJaTk3aXJKaW92SjF1dXV3dkpHck1qYlgxRHhyRUMzQzBFNm53eHdpMGg2Qld0em9rRll4MHgya0pzOVZWREpPdFo2Q25nNHJydm9lWFUwaFk5VdIBuAFBVV95cUxNbEtXa2xqbnRFVll6Vk9VYlItZE1iUmtQZ21Tc3NTbFNkNklvelAwdWlUelFsYnFFUGtEN3FZeW9ncXZTRVpuVnVpUUwxc0tlSWl6N2tncmpqYnlpbXI0a2NINnVuYng4MlFLWU0zTkFXSHYtYXdzZnJTaFFfMmlkM19OV3U5YkVQWEd1RDZKX0VhTW5ZcDVralpoUHdQRjNGanRqQ3BBbGNpMUt6VDVBVEhCLWk3LUQ4?oc=5,Al Jazeera,Venezuela oil production sanctions economy,https://news.google.com/rss/search?q=Venezuela+oil+production+sanctions+economy&hl=en-US&gl=US&ceid=US:en,Google News RSS filtered to international whitelist
2026-03-02T08:00:00+00:00,Op-ed: What China is probably thinking about U.S. strikes against Iran - CNBC,https://news.google.com/rss/articles/CBMidEFVX3lxTE9BTmJqR0tCZ3Z0Sm5aZEw0X2NVLUxES1JGUWw3S2xhTDljR3A3eU9zVUVfZ055OVJQQWwwZ2Z0Szg5aVYxa0ZtQUtnaExUVTBGWTNudktvWTlXb2hDanBzcjUtZWNnb2xiRG8yZnRpUllUUjR10gF6QVVfeXFMUGVPdGdkNEdlaTZXUThOV1RxUGJxbkplVFJiODNZT2NUeHhOa0xsLUh0cXpQMHpGNTN0V3FScmlCcVJBZjRGYTIyYXRERWpFQzlkX2o2bEp6SC1hOHBoejFCZnZaa1hQZEx4UklzSnlCUEZIa3FtcEs0anc?oc=5,CNBC,Venezuela oil production sanctions economy,https://news.google.com/rss/search?q=Venezuela+oil+production+sanctions+economy&hl=en-US&gl=US&ceid=US:en,Google News RSS filtered to international whitelist
2026-02-28T08:00:00+00:00,How could the U.S. war in Iran affect the world's oil supply? - NPR,https://news.google.com/rss/articles/CBMiggFBVV95cUxPVUQ3ZEVXbURVSm1JUUVWYlJkZmNHcXRvaFkyaXM0dFp6SVAzWmgxWEFXOW9UV01IdUN6d1d4c3A0NVBFZmtQR1BmcElIVUl1d0dNaHkzUmUwNGkzV1VwSUFPQklWaHhIYzF4ZzZLdi1YRVBJS1RLMS1oZEsxYXExT013?oc=5,NPR,Venezuela oil production sanctions economy,https://news.google.com/rss/search?q=Venezuela+oil+production+sanctions+economy&hl=en-US&gl=US&ceid=US:en,Google News RSS filtered to international whitelist
2026-02-20T08:00:00+00:00,IMF warns Venezuela’s economy and humanitarian situation is ‘quite fragile’ - Al Jazeera,https://news.google.com/rss/articles/CBMiswFBVV95cUxObzB1dXpCNGU3ckMyNTZ5dTh1SkNfcG5yTWtiZjh0VHhjMjlDX29oaW4xV3l0ZU91YTBKUWYzRWYwbHJnTFZOZjFmVERyeGwxbGVtSjNUQzFYR0NkTThtMGdOenlmbVN2bWY0OVc3Ml80bzZ3NGFiVDRGSkhLMThuRjRYMDQ1eEVjS1czTmVRa1RxbnVQZ0dnN2RHQmh4TFdCV1JueVVtTVgyX2RmZ0twbkdtONIBuAFBVV95cUxPbnRiQk1ZYUNwV3czeVZXdUQwOHA2STJQRS1nM1pjZXQ0ZG9PTVZMOVBIRnFlb3ZNQVh2XzFVYjBaNUFaUmh4TmlaeEpjaXRYS1ROMGNUbHl2RzVjZi1KNDdUTXRaUm51Y1czWDRTWmxKclcwd3BiNGhySUhqbjA2U3BKUEdDczFLVUxyOVgyVnlwSlE0MmxFQ2phM3VKengzRGFtQjJpRmZpU25VeUlKZVNBbHM0ek9J?oc=5,Al Jazeera,Venezuela inflation currency economy,https://news.google.com/rss/search?q=Venezuela+inflation+currency+economy&hl=en-US&gl=US&ceid=US:en,Google News RSS filtered to international whitelist
2026-02-19T08:00:00+00:00,"IMF says Venezuela's economic, humanitarian situation is 'quite fragile' - Reuters",https://news.google.com/rss/articles/CBMiuwFBVV95cUxQVDEyV0x3bUlqdjlSWVRtcnFXWTlaYjBnUnJLc3h2Skx6WXg4NXFvWkRXQ05MdnkzT2lPSEM3dDh1ZnRqbkt0S3N1aEpfbTZjNnoyb0VETGRwenJrZmowaEN0aS1aT0x4VDNOcHhBTWQxYUZKNDN6NGM0ZDR4d19RYnp3SFBJVzdIb09VTHl6a2xCa1dFX0J1ZlEyOGJJWVFJRk9NSXBlT0E0bVhoZDQ5NGIzT0ZSNmV5WDRF?oc=5,Reuters,Venezuela inflation currency economy,https://news.google.com/rss/search?q=Venezuela+inflation+currency+economy&hl=en-US&gl=US&ceid=US:en,Google News RSS filtered to international whitelist
2026-01-30T08:00:00+00:00,Venezuela’s Rodriguez signs oil reform law while the US eases sanctions - Al Jazeera,https://news.google.com/rss/articles/CBMisAFBVV95cUxQMGZIZktGUno1ZEtfQnFpMU1PQWNJNTlfeWgwTWtBTy1iVUNhNGk1UDJEcEVtR3dFeUVvenBhMm9VY21tdGluandJbWhfVXdWMDhSZUt3MjY1SmFQX1Vmb013N01ER0RzRnY3TDVNYjZfY0tJSzlxTTN1cW0zaVlNbThmeWxkbFJhMllwdzlYR25ZRUFpdWZ2eDN3eDkxZUYxTWpyMGt0ZUJDNmxmbmR0V9IBtgFBVV95cUxPaF9OUWpGMlQyb0lNZ2N3cjVJdE1rTGZWMnpsaDhLa3BPM2ZjMEw3UjNWWHc0bTNxOE5Db3IySVVBNC0xSGFaZjJaUjQwUVNLWHMwX3RPYnFZY3RUdEF1RWJFNzRqN0picjF5d2lWYi1KYlJTUFBmMDBmUS0yWDUxSmhkMGVLU0ZDRERZeWdnOHl1LXNaU24tN1BRWk9zZ053UmszMGpELUdyLU9vcG5DTXlrenQ2dw?oc=5,Al Jazeera,Venezuela oil production sanctions economy,https://news.google.com/rss/search?q=Venezuela+oil+production+sanctions+economy&hl=en-US&gl=US&ceid=US:en,Google News RSS filtered to international whitelist
2026-01-30T08:00:00+00:00,Venezuela approves oil sector privatisation in major policy shift - France 24,https://news.google.com/rss/articles/CBMimAFBVV95cUxNTEJYd3piSXFCYmJKR3JlcDhHVTJPTTBBaTM1cmVqb0pja3VzczQxR28xWG91R2R0amZGTnZyZzBzYWZ4WTdBOThPNVY5aTFrcnlsbEZxdWk5WmdOckhXTGtFYXF5QUIzaEMzQzJXUVNoWjJZMHB4R3dIZ0U1aXdlYmItelFFTlR6VkI1Mi1nY1FDZ0ExS1h1OQ?oc=5,France 24,Venezuela oil production sanctions economy,https://news.google.com/rss/search?q=Venezuela+oil+production+sanctions+economy&hl=en-US&gl=US&ceid=US:en,Google News RSS filtered to international whitelist
2026-01-29T08:00:00+00:00,Trump officials awarded Venezuela oil-sale contracts to firms tied to bribery - The Washington Post,https://news.google.com/rss/articles/CBMimgFBVV95cUxON0J1WEs2Rml2TFJDWi1jM2g0VGY4Y3F0MGZHYm1mVE5CdHFLcnB0aWotZ3d0OUppSVVtYUdaODRMLTJVYm1VUjBXSXQwdVhwVTczYjd5OFdSbGMxLVdWTHZLQ1k3V2txQmJkTU14Q19tcU5JYXNOQm0xX1BGNGFBZ0hOVGJWVUdUVjR1bUFCXy14MTNmSGtRemd3?oc=5,The Washington Post,Venezuela investment climate economy,https://news.google.com/rss/search?q=Venezuela+investment+climate+economy&hl=en-US&gl=US&ceid=US:en,Google News RSS filtered to international whitelist
2026-01-29T08:00:00+00:00,"Venezuela’s acting president signs oil industry overhaul, easing state control to lure investors - NBC News",https://news.google.com/rss/articles/CBMirgFBVV95cUxOSEtveVBEUk44LXRETXZwMnpRYUxTQXFCWTdSVFBDTDRBenJNSExtcmltbHRSNnQ2c2dIb1hTTXVUM1o3WW5CNGxDZXdfRFZkU0FxOUcyQ1pKbjNyVFB5dkFzX2MtVU1Jd2NKMFl5Mkl3bE1qZDNQSGNjMTNTT0ZLLXF5dW5NZDJLZkE0dThDN0M4WnV6QjVfVkp3VzhOTzBmMzdkdkpyLVllaHg0WHc?oc=5,NBC News,Venezuela oil production sanctions economy,https://news.google.com/rss/search?q=Venezuela+oil+production+sanctions+economy&hl=en-US&gl=US&ceid=US:en,Google News RSS filtered to international whitelist
2026-01-28T08:00:00+00:00,"Trump Wants U.S. Investment in Venezuela, but Sanctions Still Complicate It - The New York Times",https://news.google.com/rss/articles/CBMid0FVX3lxTE5oWEVXbXBSbFNUZ3N4Y3k2Nlg3THNyVmVNYkpBUUlPV3B3azRmaF92OVFhOFFEWFhzbUsxRHpoUldlYnZhejFjV3o4NmZ2RHU0SVJEY2lyU0JzMkNqaVNfRGtJNGl6R2xSa2tEcDBES0ZRc25PbUdz?oc=5,The New York Times,Venezuela business investment risk,https://news.google.com/rss/search?q=Venezuela+business+investment+risk&hl=en-US&gl=US&ceid=US:en,Google News RSS filtered to international whitelist
2026-01-26T08:00:00+00:00,Opinion | Young Americans should know the truth about Venezuela’s decline - The Washington Post,https://news.google.com/rss/articles/CBMikAFBVV95cUxPSWtneXBOY1RFTnhjREFxU2JfR29GbXptazNJSEJqdWIwZHQwcmo4bHdsVnJKclpXTGtPSWlVUzNFY0VNNWVROUhmcjROUjdyeFoyNDlWZHY4ZjlHUzVsTk9PZkMxdFRYd3p3bnFMd2tvcV9TRE9ENThFdFJVeDBVLXM3c0phVDZDSWswRTJfcDU?oc=5,The Washington Post,Venezuela oil production sanctions economy,https://news.google.com/rss/search?q=Venezuela+oil+production+sanctions+economy&hl=en-US&gl=US&ceid=US:en,Google News RSS filtered to international whitelist
2026-01-26T08:00:00+00:00,US oil capital Houston buzzes as industry limbers up for Venezuela oil rush - Reuters,https://news.google.com/rss/articles/CBMivAFBVV95cUxOZWxlQ1hwTG5BczQxQWptenVJa1gwemhFdG1Gekk4TjdoSDUxRDNjOEdPRnBUX3ctcjREd1JwRktFMFNvZUJrWkVSUURpR0QzUUlrb0MtNnFrT3dmbnpNalJ6TFVJblpIUWN2RTA5dG5CcTdpUDNxN0JRaHFiN2dDdDVkSWJLdEJwaGZqcEpzcTlHUTJkYTNFQXNqZHgtX0FpLTlpb2xBNF90dzJkLUVmaEpxWThVQklLU3hXZQ?oc=5,Reuters,Venezuela business investment risk,https://news.google.com/rss/search?q=Venezuela+business+investment+risk&hl=en-US&gl=US&ceid=US:en,Google News RSS filtered to international whitelist
2026-01-23T08:00:00+00:00,Geopolitical analysis on the rise for investors as risks multiply - Reuters,https://news.google.com/rss/articles/CBMipAFBVV95cUxQMk1qdUh0QlJYM1ZMUVJzRG5ueVNlZnRGWHZuVjdhZV9rQ05JT3BsQ0Zxa1VXMVYybDZkQnp1Yms0R3ZxZFhBT0lLLWhtU0RRX2ZIaGZ0blFXT3RNaUJMMG5XZFhsd0F1UkdKY1lSRS1zbGVSUG50Q0c0VWFvQUloSnd4ek0zdWk5azZLLXlZQ2ltaDIxTEJDMlJXMmpsQndyaEFwaA?oc=5,Reuters,Venezuela business investment risk,https://news.google.com/rss/search?q=Venezuela+business+investment+risk&hl=en-US&gl=US&ceid=US:en,Google News RSS filtered to international whitelist
2026-01-21T08:00:00+00:00,"Venezuela private sector says fresh flow of dollars could stabilize exchange market, prices - Reuters",https://news.google.com/rss/articles/CBMiywFBVV95cUxOaVI5WEF6VWpNTVVfS2JIeGIyWW52MGp1em5ZSmo1anlzMjlFTWxfMEE0a19idXNCTkFwSWxqbXd2TEY4Vl9YUVNZRTBUR19nYk1MYWEtYm9QcHhlaXhMcWVzdlNZUVlKSWZla25VU2sydGRQaTd2c3VJOWQ1Ni1jXzlDWFhOekprYXNRZzl0MTd4SUJadWJldWZDaHpEc0JVeWtJenJzUmhtZ01aYlRVc1NHWTBCdUVEeFBEbXg5ZW9qZnc3LS1iWEZ2RQ?oc=5,Reuters,Venezuela inflation currency economy,https://news.google.com/rss/search?q=Venezuela+inflation+currency+economy&hl=en-US&gl=US&ceid=US:en,Google News RSS filtered to international whitelist
2026-01-21T08:00:00+00:00,Venezuela? Big Oil Is Seeking Riches in Another Thorny Country - Bloomberg.com,https://news.google.com/rss/articles/CBMixgFBVV95cUxPdjFZX1UyczVEdjh6TnA4bEFWNWJhbkVONzNNbmV0LU05eW1sRk9GalZkR1pXclJTaTRCZ2Yyb3NmVDRFTWp0ZlNXVmszNHMwUmJjcENObmJaVzRreDBFeUVQNWJQOHlsRnNmS3UtYjFaRU1yNXVKZUQ5TDkwQkUwY2UzcVY1NEdzSXpIMzBkMGVfNUlXZHlIcHFyck9DeV95Zk5XblZFekpfQ21Ca0pXYzNDeHNGb3M2Xzl4STVWRDBXVmtCOXc?oc=5,Bloomberg.com,Venezuela business investment risk,https://news.google.com/rss/search?q=Venezuela+business+investment+risk&hl=en-US&gl=US&ceid=US:en,Google News RSS filtered to international whitelist
2026-01-18T08:00:00+00:00,"The Biggest Challenge in Venezuela? Forget the Oil, It’s Stocking the Fridge. - The New York Times",https://news.google.com/rss/articles/CBMijAFBVV95cUxNUllXa3pQZ0pPNzZQb2hjbU1UYW9laElITVZPR3ZDczhaSkNZN0RITWttU3RHd0xzM0F3QmppSEFHck1YeklhYWxNUGx2VUFFaDlSbzAzOThycVVLdXZRX3F1bDJUSWJFaEFxeUxVSnlpaUtVQktNREZhYlJ6dUJPQUQyRWp5cktBNTVMXw?oc=5,The New York Times,Venezuela inflation currency economy,https://news.google.com/rss/search?q=Venezuela+inflation+currency+economy&hl=en-US&gl=US&ceid=US:en,Google News RSS filtered to international whitelist
2026-01-17T08:00:00+00:00,Big Oil’s Complicated Calculus for Investing in Venezuela - The New York Times,https://news.google.com/rss/articles/CBMie0FVX3lxTE9RVGMyTllOOFlkczRWLVZINGJ5TmFHOG1zaWZKVG5FQTZLS0FLYm96SVd0YUkzNzNmcFV6cDFBWUxTbkN5QW9kcU1lRU9tZjNwNFQ4aVplem53TVlCZHhpN2dURkJXMjYxN0hsZGR2YVFBc2ZjR0U2STdzZw?oc=5,The New York Times,Venezuela business investment risk,https://news.google.com/rss/search?q=Venezuela+business+investment+risk&hl=en-US&gl=US&ceid=US:en,Google News RSS filtered to international whitelist
2026-01-16T08:00:00+00:00,Here’s who is likely to profit from Trump’s Venezuela takeover - The Washington Post,https://news.google.com/rss/articles/CBMiigFBVV95cUxOeTV1TFctYU0yNFdzOXd1dFR4NXIwbU84dXBNMVNYQ2phVkhvSkJTaHIxZ29jenZwT0VsVVlOamQ1cEtkcy1qTkh1elh2TFhTUWdYbWZpUkoxb0lvR2dYQXMteU4xYW9qTHV0VDBwZTRpZFAzdVFxNGZ3MWJaU21GQ2pDazdkWFRJc0E?oc=5,The Washington Post,Venezuela investment climate economy,https://news.google.com/rss/search?q=Venezuela+investment+climate+economy&hl=en-US&gl=US&ceid=US:en,Google News RSS filtered to international whitelist
2026-01-15T08:00:00+00:00,Halliburton expects speedy return to Venezuela and plays down risks - Financial Times,https://news.google.com/rss/articles/CBMihAFBVV95cUxPb2RDeC1ieDVId1hsRC10YmxaMVp5bUdqbjJzSFBwamVkWjc4U3lycWVpcGdRZ3BtR3pEMEVQS2dXVUczRFZCU2hwb1BzVmt6em1fSm9nZ1ptLXN6RWxqX0xDalNaWjZhYjNBVFdWMmdROXRRQ1NwMmxpSlRQMzZiLXJITl8?oc=5,Financial Times,Venezuela business investment risk,https://news.google.com/rss/search?q=Venezuela+business+investment+risk&hl=en-US&gl=US&ceid=US:en,Google News RSS filtered to international whitelist
2026-01-15T08:00:00+00:00,The US wants to remake Venezuela’s oil industry. History stands in the way - AP News,https://news.google.com/rss/articles/CBMibEFVX3lxTFA0a2EtaTVFUmZodF9PVEJoWlNjQ1ExSVZnYlYxaENaZWJNZ0tDWFNnLTZnN3liQ1M3Qnd5QWF3NXluRElzU0N1TE5hVjU4bS1WM1N5ZUxBeFNRVW43c3JsTTVuR25mQU9nTlRRMw?oc=5,AP News,Venezuela oil production sanctions economy,https://news.google.com/rss/search?q=Venezuela+oil+production+sanctions+economy&hl=en-US&gl=US&ceid=US:en,Google News RSS filtered to international whitelist
2026-01-14T08:00:00+00:00,"U.S. Races to Sell Venezuelan Oil, Transforming Ties With Former Foe - The New York Times",https://news.google.com/rss/articles/CBMiggFBVV95cUxOSFJTZnZNWXdONjc5azcyaWRfZVdlTDhVMlNFQ3E5dzA0czhOb2FMVkxjWHBwN25ZeXF6ZTZvUGN3MVEzZERnX05Sa3dYRFpzUVEybUdjbzlIMjFxLWxhRmEycU1VamVHYnhwSGMyeEsyWk96bzdTaDBrUjcyeldtUXp3?oc=5,The New York Times,Venezuela oil production sanctions economy,https://news.google.com/rss/search?q=Venezuela+oil+production+sanctions+economy&hl=en-US&gl=US&ceid=US:en,Google News RSS filtered to international whitelist
2026-01-12T08:00:00+00:00,Oil prices settle at 7-week high on worries about Iran exports - Reuters,https://news.google.com/rss/articles/CBMirgFBVV95cUxQblhYenhzWVNHMDFnS3BCQXdDbTFwOFdzZG9KcjBKWmd5STIzYVk2dEQ1SFY5ZXkycmRSc0RaTzg2S2tSWDlMcnM5RFVnX1dpVUswR0tVTDM4R2NwaVhvS20wRjFRSkdJMU92Y1NHTVNYWnhjeHRJX0NSSG5pOXlCZ3JRY0paanJpaFljYTFKelZZTGs0d1NQVXh2czJJZlgtR2gzaUNsYmVLTG9KQUE?oc=5,Reuters,Venezuela business investment risk,https://news.google.com/rss/search?q=Venezuela+business+investment+risk&hl=en-US&gl=US&ceid=US:en,Google News RSS filtered to international whitelist
2026-01-12T08:00:00+00:00,US says it will ease sanctions on Venezuelan oil - Semafor,https://news.google.com/rss/articles/CBMilgFBVV95cUxQQ3B4RUFmRThsQVNGTnkzWTJ2UVZmVEZ0aURJQUpDcVhrYWJ3WHZPSnhsLWp0ejJMR0NJZWJnMGRqeTJuUzNyU3RkaFE2T2otalNiVkw0MDBOOGhaTDIzQ3V3ekJXNTRLSThhVVZOa3JtcjZ3dDRDRjlWZXZTWTNSdXZvQ1Q1NGpZdWk2aHItblFpZHhSSGc?oc=5,Semafor,Venezuela oil production sanctions economy,https://news.google.com/rss/search?q=Venezuela+oil+production+sanctions+economy&hl=en-US&gl=US&ceid=US:en,Google News RSS filtered to international whitelist
2026-01-11T08:00:00+00:00,Big Oil offers reality check to Trump’s Venezuela dream - Reuters,https://news.google.com/rss/articles/CBMiqwFBVV95cUxPd3pYVHA5NzBIWUFEempGaVNaYlpWRVd4SzFsaHFuYzQ3Q3hmZ24tWHBwSk9hRDQwZ3NfSjZyejhPZ0dlb1dNcWFOZ18tTEpuYWtrVzRsajk4R18zVDlITEQ1d1lrcUg3MmR1cFplTmFScnFYc2tCbk1jVThXRkdReXV3ZFZZN1BRS3duNEVIRTZ5SDNIbjMyek8wR1ZBNE8xdnZfLW9fZkVDOGM?oc=5,Reuters,Venezuela oil production sanctions economy,https://news.google.com/rss/search?q=Venezuela+oil+production+sanctions+economy&hl=en-US&gl=US&ceid=US:en,Google News RSS filtered to international whitelist
2026-01-10T08:00:00+00:00,"Trump’s Venezuela plan lures investors with oil, minerals — and risk - The Washington Post",https://news.google.com/rss/articles/CBMihAFBVV95cUxOMnU0SUdTaS1lcm5HRUZXUjViRndJeHBzMjJ1NjBMSmoxVllnc2syUG92bERLMHRKaTZNV0ZVNldETGZPR0J1ZUlxUVJrTS1uM3JFeTkzNE5Hb3lZSURTemFDYVF2WVh0NFFxUzdsZjlhUXZmWDBaOVZPSFdfZlRocWp1Tlg?oc=5,The Washington Post,Venezuela business investment risk,https://news.google.com/rss/search?q=Venezuela+business+investment+risk&hl=en-US&gl=US&ceid=US:en,Google News RSS filtered to international whitelist
2026-01-09T08:00:00+00:00,"High costs, falling returns: what could go wrong for Trump’s Venezuela oil gamble? - The Guardian",https://news.google.com/rss/articles/CBMipAFBVV95cUxPb0RwOWVSOVVkWm1zdGlwZ0s2cEJpal9IYWYtRWhEWHdib3JMQVY3SUxoS290c0h4d0dXMW51Tld4dXFBSGxhZmdaeFFoT1ozRktIWDVSN0U4bDJKa1RhanpvZ1YtS09TSWMyVUFxbGpTeF9yNHE4OUNQNnlSLVluakw0NHFqM2VIODhzd1U2SDgtdmItYTFJMVk1QjkyVGlaTGxQZg?oc=5,The Guardian,Venezuela investment climate economy,https://news.google.com/rss/search?q=Venezuela+investment+climate+economy&hl=en-US&gl=US&ceid=US:en,Google News RSS filtered to international whitelist
2026-01-09T08:00:00+00:00,"Wary of Investing in Venezuela, Big Oil Heads to the White House - The New York Times",https://news.google.com/rss/articles/CBMikAFBVV95cUxOSXp5dFZTRzRUSzRuNDlaMWNZcENtekxkWlUzbXBqbjU5WVFLd1h1bGpBTkxROG1MUUxxeUpPSkVWZDVaUDFkS3k1dHFHdGs0bWxsMEl4NVB1MlJEODRaVGY3YWVBY3VnMGxFMHp1SFJiSkFLbFF1V1FtNzZFdmM4NklLMmk2Y2dCV2d3MnRIYVo?oc=5,The New York Times,Venezuela investment climate economy,https://news.google.com/rss/search?q=Venezuela+investment+climate+economy&hl=en-US&gl=US&ceid=US:en,Google News RSS filtered to international whitelist
2026-01-08T08:00:00+00:00,Venezuela’s economy will be a mess for whoever runs it next | CNN Business - CNN,https://news.google.com/rss/articles/CBMihAFBVV95cUxPZTYxRS1TLU9wWjhxNEMyX1lKQzBaSjZCLThHVDFFTTRORWlid1NrNDdwVjVvME9tUUVUalhHS3BRSEpZaDJGNFpMdndaZ0NZQzRJNzlSeVJaNnBSaTd3aWJPRVdSZFF2dHJiOGZPNDFYclloOWY4VU9MVWlDcjN1dndxQ3k?oc=5,CNN,Venezuela investment climate economy,https://news.google.com/rss/search?q=Venezuela+investment+climate+economy&hl=en-US&gl=US&ceid=US:en,Google News RSS filtered to international whitelist
2026-01-08T08:00:00+00:00,"On Wall Street, investors ignore Trump’s talk of war - The Washington Post",https://news.google.com/rss/articles/CBMijwFBVV95cUxPT3NQSkpsNW5Ic19qYzJlQTNEdWh4RGFTUXRqLU1YNXU4aVhfQnNfVFNqcWtYckhiQTl6TnA0alkyQkJQZjVsYWpfdkMyU3JUUzg0QXlETlJYM2Flc2NvOV9kNThQT0FGbjFEU05HZklvOXRIY0Frd0lCdGw3SWFac3FadUJyZDhFRjhWcXNOOA?oc=5,The Washington Post,Venezuela investment climate economy,https://news.google.com/rss/search?q=Venezuela+investment+climate+economy&hl=en-US&gl=US&ceid=US:en,Google News RSS filtered to international whitelist
