ano,estado,estado_cod,ntl_idx,fuente
2000,Amazonas,AM,12.4322,Li et al. (2020/2024) Figshare:9828827 file:17626085 Harmonized NTL 2000 calDMSP
2000,Anzoategui,AN,11.8866,Li et al. (2020/2024) Figshare:9828827 file:17626085 Harmonized NTL 2000 calDMSP
2000,Apure,AP,9.9456,Li et al. (2020/2024) Figshare:9828827 file:17626085 Harmonized NTL 2000 calDMSP
2000,Aragua,AR,18.3494,Li et al. (2020/2024) Figshare:9828827 file:17626085 Harmonized NTL 2000 calDMSP
2000,Barinas,BA,9.7613,Li et al. (2020/2024) Figshare:9828827 file:17626085 Harmonized NTL 2000 calDMSP
2000,Bolivar,BO,12.6281,Li et al. (2020/2024) Figshare:9828827 file:17626085 Harmonized NTL 2000 calDMSP
2000,Carabobo,CA,15.7823,Li et al. (2020/2024) Figshare:9828827 file:17626085 Harmonized NTL 2000 calDMSP
2000,Cojedes,CO,12.7668,Li et al. (2020/2024) Figshare:9828827 file:17626085 Harmonized NTL 2000 calDMSP
2000,Delta Amacuro,DE,10.2452,Li et al. (2020/2024) Figshare:9828827 file:17626085 Harmonized NTL 2000 calDMSP
2000,Dependencias Fed.,DF,14.4858,Li et al. (2020/2024) Figshare:9828827 file:17626085 Harmonized NTL 2000 calDMSP
2000,Distrito Capital,DC,45.1111,Li et al. (2020/2024) Figshare:9828827 file:17626085 Harmonized NTL 2000 calDMSP
2000,Falcon,FA,9.0217,Li et al. (2020/2024) Figshare:9828827 file:17626085 Harmonized NTL 2000 calDMSP
2000,Guarico,GU,9.8983,Li et al. (2020/2024) Figshare:9828827 file:17626085 Harmonized NTL 2000 calDMSP
2000,Lara,LA,10.1409,Li et al. (2020/2024) Figshare:9828827 file:17626085 Harmonized NTL 2000 calDMSP
2000,Merida,ME,8.3761,Li et al. (2020/2024) Figshare:9828827 file:17626085 Harmonized NTL 2000 calDMSP
2000,Miranda,MI,18.1289,Li et al. (2020/2024) Figshare:9828827 file:17626085 Harmonized NTL 2000 calDMSP
2000,Monagas,MO,11.2952,Li et al. (2020/2024) Figshare:9828827 file:17626085 Harmonized NTL 2000 calDMSP
2000,Nueva Esparta,NE,19.6031,Li et al. (2020/2024) Figshare:9828827 file:17626085 Harmonized NTL 2000 calDMSP
2000,Portuguesa,PO,9.378,Li et al. (2020/2024) Figshare:9828827 file:17626085 Harmonized NTL 2000 calDMSP
2000,Sucre,SU,8.1532,Li et al. (2020/2024) Figshare:9828827 file:17626085 Harmonized NTL 2000 calDMSP
2000,Tachira,TA,9.8007,Li et al. (2020/2024) Figshare:9828827 file:17626085 Harmonized NTL 2000 calDMSP
2000,Trujillo,TR,8.9894,Li et al. (2020/2024) Figshare:9828827 file:17626085 Harmonized NTL 2000 calDMSP
2000,Vargas,VA,23.804,Li et al. (2020/2024) Figshare:9828827 file:17626085 Harmonized NTL 2000 calDMSP
2000,Yaracuy,YA,9.4884,Li et al. (2020/2024) Figshare:9828827 file:17626085 Harmonized NTL 2000 calDMSP
2000,Zulia,ZU,12.1331,Li et al. (2020/2024) Figshare:9828827 file:17626085 Harmonized NTL 2000 calDMSP
2001,Amazonas,AM,10.8498,Li et al. (2020/2024) Figshare:9828827 file:17626088 Harmonized NTL 2001 calDMSP
2001,Anzoategui,AN,13.318,Li et al. (2020/2024) Figshare:9828827 file:17626088 Harmonized NTL 2001 calDMSP
2001,Apure,AP,10.7907,Li et al. (2020/2024) Figshare:9828827 file:17626088 Harmonized NTL 2001 calDMSP
2001,Aragua,AR,20.3517,Li et al. (2020/2024) Figshare:9828827 file:17626088 Harmonized NTL 2001 calDMSP
2001,Barinas,BA,10.2916,Li et al. (2020/2024) Figshare:9828827 file:17626088 Harmonized NTL 2001 calDMSP
2001,Bolivar,BO,13.63,Li et al. (2020/2024) Figshare:9828827 file:17626088 Harmonized NTL 2001 calDMSP
2001,Carabobo,CA,17.712,Li et al. (2020/2024) Figshare:9828827 file:17626088 Harmonized NTL 2001 calDMSP
2001,Cojedes,CO,15.5694,Li et al. (2020/2024) Figshare:9828827 file:17626088 Harmonized NTL 2001 calDMSP
2001,Delta Amacuro,DE,11.5932,Li et al. (2020/2024) Figshare:9828827 file:17626088 Harmonized NTL 2001 calDMSP
2001,Dependencias Fed.,DF,16.6091,Li et al. (2020/2024) Figshare:9828827 file:17626088 Harmonized NTL 2001 calDMSP
2001,Distrito Capital,DC,46.658,Li et al. (2020/2024) Figshare:9828827 file:17626088 Harmonized NTL 2001 calDMSP
2001,Falcon,FA,9.7302,Li et al. (2020/2024) Figshare:9828827 file:17626088 Harmonized NTL 2001 calDMSP
2001,Guarico,GU,11.1874,Li et al. (2020/2024) Figshare:9828827 file:17626088 Harmonized NTL 2001 calDMSP
2001,Lara,LA,11.2363,Li et al. (2020/2024) Figshare:9828827 file:17626088 Harmonized NTL 2001 calDMSP
2001,Merida,ME,8.7244,Li et al. (2020/2024) Figshare:9828827 file:17626088 Harmonized NTL 2001 calDMSP
2001,Miranda,MI,20.6193,Li et al. (2020/2024) Figshare:9828827 file:17626088 Harmonized NTL 2001 calDMSP
2001,Monagas,MO,12.6023,Li et al. (2020/2024) Figshare:9828827 file:17626088 Harmonized NTL 2001 calDMSP
2001,Nueva Esparta,NE,23.6556,Li et al. (2020/2024) Figshare:9828827 file:17626088 Harmonized NTL 2001 calDMSP
2001,Portuguesa,PO,10.3754,Li et al. (2020/2024) Figshare:9828827 file:17626088 Harmonized NTL 2001 calDMSP
2001,Sucre,SU,10.2262,Li et al. (2020/2024) Figshare:9828827 file:17626088 Harmonized NTL 2001 calDMSP
2001,Tachira,TA,9.7695,Li et al. (2020/2024) Figshare:9828827 file:17626088 Harmonized NTL 2001 calDMSP
2001,Trujillo,TR,9.4721,Li et al. (2020/2024) Figshare:9828827 file:17626088 Harmonized NTL 2001 calDMSP
2001,Vargas,VA,25.9335,Li et al. (2020/2024) Figshare:9828827 file:17626088 Harmonized NTL 2001 calDMSP
2001,Yaracuy,YA,11.4467,Li et al. (2020/2024) Figshare:9828827 file:17626088 Harmonized NTL 2001 calDMSP
2001,Zulia,ZU,12.894,Li et al. (2020/2024) Figshare:9828827 file:17626088 Harmonized NTL 2001 calDMSP
2002,Amazonas,AM,15.1289,Li et al. (2020/2024) Figshare:9828827 file:17626091 Harmonized NTL 2002 calDMSP
2002,Anzoategui,AN,13.8383,Li et al. (2020/2024) Figshare:9828827 file:17626091 Harmonized NTL 2002 calDMSP
2002,Apure,AP,12.1674,Li et al. (2020/2024) Figshare:9828827 file:17626091 Harmonized NTL 2002 calDMSP
2002,Aragua,AR,20.4111,Li et al. (2020/2024) Figshare:9828827 file:17626091 Harmonized NTL 2002 calDMSP
2002,Barinas,BA,11.4298,Li et al. (2020/2024) Figshare:9828827 file:17626091 Harmonized NTL 2002 calDMSP
2002,Bolivar,BO,14.9601,Li et al. (2020/2024) Figshare:9828827 file:17626091 Harmonized NTL 2002 calDMSP
2002,Carabobo,CA,17.8788,Li et al. (2020/2024) Figshare:9828827 file:17626091 Harmonized NTL 2002 calDMSP
2002,Cojedes,CO,15.3184,Li et al. (2020/2024) Figshare:9828827 file:17626091 Harmonized NTL 2002 calDMSP
2002,Delta Amacuro,DE,11.7024,Li et al. (2020/2024) Figshare:9828827 file:17626091 Harmonized NTL 2002 calDMSP
2002,Dependencias Fed.,DF,15.8917,Li et al. (2020/2024) Figshare:9828827 file:17626091 Harmonized NTL 2002 calDMSP
2002,Distrito Capital,DC,45.8582,Li et al. (2020/2024) Figshare:9828827 file:17626091 Harmonized NTL 2002 calDMSP
2002,Falcon,FA,9.9831,Li et al. (2020/2024) Figshare:9828827 file:17626091 Harmonized NTL 2002 calDMSP
2002,Guarico,GU,12.5584,Li et al. (2020/2024) Figshare:9828827 file:17626091 Harmonized NTL 2002 calDMSP
2002,Lara,LA,11.8953,Li et al. (2020/2024) Figshare:9828827 file:17626091 Harmonized NTL 2002 calDMSP
2002,Merida,ME,9.8735,Li et al. (2020/2024) Figshare:9828827 file:17626091 Harmonized NTL 2002 calDMSP
2002,Miranda,MI,20.4327,Li et al. (2020/2024) Figshare:9828827 file:17626091 Harmonized NTL 2002 calDMSP
2002,Monagas,MO,12.2622,Li et al. (2020/2024) Figshare:9828827 file:17626091 Harmonized NTL 2002 calDMSP
2002,Nueva Esparta,NE,21.7984,Li et al. (2020/2024) Figshare:9828827 file:17626091 Harmonized NTL 2002 calDMSP
2002,Portuguesa,PO,10.9366,Li et al. (2020/2024) Figshare:9828827 file:17626091 Harmonized NTL 2002 calDMSP
2002,Sucre,SU,9.7678,Li et al. (2020/2024) Figshare:9828827 file:17626091 Harmonized NTL 2002 calDMSP
2002,Tachira,TA,11.5715,Li et al. (2020/2024) Figshare:9828827 file:17626091 Harmonized NTL 2002 calDMSP
2002,Trujillo,TR,10.6087,Li et al. (2020/2024) Figshare:9828827 file:17626091 Harmonized NTL 2002 calDMSP
2002,Vargas,VA,26.0671,Li et al. (2020/2024) Figshare:9828827 file:17626091 Harmonized NTL 2002 calDMSP
2002,Yaracuy,YA,11.9303,Li et al. (2020/2024) Figshare:9828827 file:17626091 Harmonized NTL 2002 calDMSP
2002,Zulia,ZU,14.807,Li et al. (2020/2024) Figshare:9828827 file:17626091 Harmonized NTL 2002 calDMSP
2003,Amazonas,AM,14.557,Li et al. (2020/2024) Figshare:9828827 file:17626094 Harmonized NTL 2003 calDMSP
2003,Anzoategui,AN,13.8587,Li et al. (2020/2024) Figshare:9828827 file:17626094 Harmonized NTL 2003 calDMSP
2003,Apure,AP,12.13,Li et al. (2020/2024) Figshare:9828827 file:17626094 Harmonized NTL 2003 calDMSP
2003,Aragua,AR,21.7459,Li et al. (2020/2024) Figshare:9828827 file:17626094 Harmonized NTL 2003 calDMSP
2003,Barinas,BA,11.4255,Li et al. (2020/2024) Figshare:9828827 file:17626094 Harmonized NTL 2003 calDMSP
2003,Bolivar,BO,14.4283,Li et al. (2020/2024) Figshare:9828827 file:17626094 Harmonized NTL 2003 calDMSP
2003,Carabobo,CA,19.3969,Li et al. (2020/2024) Figshare:9828827 file:17626094 Harmonized NTL 2003 calDMSP
2003,Cojedes,CO,17.4966,Li et al. (2020/2024) Figshare:9828827 file:17626094 Harmonized NTL 2003 calDMSP
2003,Delta Amacuro,DE,12.5317,Li et al. (2020/2024) Figshare:9828827 file:17626094 Harmonized NTL 2003 calDMSP
2003,Dependencias Fed.,DF,17.1502,Li et al. (2020/2024) Figshare:9828827 file:17626094 Harmonized NTL 2003 calDMSP
2003,Distrito Capital,DC,46.091,Li et al. (2020/2024) Figshare:9828827 file:17626094 Harmonized NTL 2003 calDMSP
2003,Falcon,FA,10.2577,Li et al. (2020/2024) Figshare:9828827 file:17626094 Harmonized NTL 2003 calDMSP
2003,Guarico,GU,12.6369,Li et al. (2020/2024) Figshare:9828827 file:17626094 Harmonized NTL 2003 calDMSP
2003,Lara,LA,12.7279,Li et al. (2020/2024) Figshare:9828827 file:17626094 Harmonized NTL 2003 calDMSP
2003,Merida,ME,10.0847,Li et al. (2020/2024) Figshare:9828827 file:17626094 Harmonized NTL 2003 calDMSP
2003,Miranda,MI,21.684,Li et al. (2020/2024) Figshare:9828827 file:17626094 Harmonized NTL 2003 calDMSP
2003,Monagas,MO,12.8768,Li et al. (2020/2024) Figshare:9828827 file:17626094 Harmonized NTL 2003 calDMSP
2003,Nueva Esparta,NE,24.7674,Li et al. (2020/2024) Figshare:9828827 file:17626094 Harmonized NTL 2003 calDMSP
2003,Portuguesa,PO,11.367,Li et al. (2020/2024) Figshare:9828827 file:17626094 Harmonized NTL 2003 calDMSP
2003,Sucre,SU,10.5568,Li et al. (2020/2024) Figshare:9828827 file:17626094 Harmonized NTL 2003 calDMSP
2003,Tachira,TA,12.4177,Li et al. (2020/2024) Figshare:9828827 file:17626094 Harmonized NTL 2003 calDMSP
2003,Trujillo,TR,10.8252,Li et al. (2020/2024) Figshare:9828827 file:17626094 Harmonized NTL 2003 calDMSP
2003,Vargas,VA,28.3596,Li et al. (2020/2024) Figshare:9828827 file:17626094 Harmonized NTL 2003 calDMSP
2003,Yaracuy,YA,13.4852,Li et al. (2020/2024) Figshare:9828827 file:17626094 Harmonized NTL 2003 calDMSP
2003,Zulia,ZU,12.1875,Li et al. (2020/2024) Figshare:9828827 file:17626094 Harmonized NTL 2003 calDMSP
2004,Amazonas,AM,12.2412,Li et al. (2020/2024) Figshare:9828827 file:17626097 Harmonized NTL 2004 calDMSP
2004,Anzoategui,AN,12.6516,Li et al. (2020/2024) Figshare:9828827 file:17626097 Harmonized NTL 2004 calDMSP
2004,Apure,AP,11.4632,Li et al. (2020/2024) Figshare:9828827 file:17626097 Harmonized NTL 2004 calDMSP
2004,Aragua,AR,20.8869,Li et al. (2020/2024) Figshare:9828827 file:17626097 Harmonized NTL 2004 calDMSP
2004,Barinas,BA,11.0476,Li et al. (2020/2024) Figshare:9828827 file:17626097 Harmonized NTL 2004 calDMSP
2004,Bolivar,BO,13.1568,Li et al. (2020/2024) Figshare:9828827 file:17626097 Harmonized NTL 2004 calDMSP
2004,Carabobo,CA,18.7137,Li et al. (2020/2024) Figshare:9828827 file:17626097 Harmonized NTL 2004 calDMSP
2004,Cojedes,CO,16.0271,Li et al. (2020/2024) Figshare:9828827 file:17626097 Harmonized NTL 2004 calDMSP
2004,Delta Amacuro,DE,11.7804,Li et al. (2020/2024) Figshare:9828827 file:17626097 Harmonized NTL 2004 calDMSP
2004,Dependencias Fed.,DF,16.4156,Li et al. (2020/2024) Figshare:9828827 file:17626097 Harmonized NTL 2004 calDMSP
2004,Distrito Capital,DC,45.8697,Li et al. (2020/2024) Figshare:9828827 file:17626097 Harmonized NTL 2004 calDMSP
2004,Falcon,FA,9.9056,Li et al. (2020/2024) Figshare:9828827 file:17626097 Harmonized NTL 2004 calDMSP
2004,Guarico,GU,11.848,Li et al. (2020/2024) Figshare:9828827 file:17626097 Harmonized NTL 2004 calDMSP
2004,Lara,LA,11.9581,Li et al. (2020/2024) Figshare:9828827 file:17626097 Harmonized NTL 2004 calDMSP
2004,Merida,ME,9.2048,Li et al. (2020/2024) Figshare:9828827 file:17626097 Harmonized NTL 2004 calDMSP
2004,Miranda,MI,21.0336,Li et al. (2020/2024) Figshare:9828827 file:17626097 Harmonized NTL 2004 calDMSP
2004,Monagas,MO,11.554,Li et al. (2020/2024) Figshare:9828827 file:17626097 Harmonized NTL 2004 calDMSP
2004,Nueva Esparta,NE,21.8777,Li et al. (2020/2024) Figshare:9828827 file:17626097 Harmonized NTL 2004 calDMSP
2004,Portuguesa,PO,11.1438,Li et al. (2020/2024) Figshare:9828827 file:17626097 Harmonized NTL 2004 calDMSP
2004,Sucre,SU,10.1977,Li et al. (2020/2024) Figshare:9828827 file:17626097 Harmonized NTL 2004 calDMSP
2004,Tachira,TA,10.0023,Li et al. (2020/2024) Figshare:9828827 file:17626097 Harmonized NTL 2004 calDMSP
2004,Trujillo,TR,10.4496,Li et al. (2020/2024) Figshare:9828827 file:17626097 Harmonized NTL 2004 calDMSP
2004,Vargas,VA,27.5564,Li et al. (2020/2024) Figshare:9828827 file:17626097 Harmonized NTL 2004 calDMSP
2004,Yaracuy,YA,13.0428,Li et al. (2020/2024) Figshare:9828827 file:17626097 Harmonized NTL 2004 calDMSP
2004,Zulia,ZU,12.3434,Li et al. (2020/2024) Figshare:9828827 file:17626097 Harmonized NTL 2004 calDMSP
2005,Amazonas,AM,12.8844,Li et al. (2020/2024) Figshare:9828827 file:17626100 Harmonized NTL 2005 calDMSP
2005,Anzoategui,AN,12.0167,Li et al. (2020/2024) Figshare:9828827 file:17626100 Harmonized NTL 2005 calDMSP
2005,Apure,AP,9.4626,Li et al. (2020/2024) Figshare:9828827 file:17626100 Harmonized NTL 2005 calDMSP
2005,Aragua,AR,18.4158,Li et al. (2020/2024) Figshare:9828827 file:17626100 Harmonized NTL 2005 calDMSP
2005,Barinas,BA,9.2809,Li et al. (2020/2024) Figshare:9828827 file:17626100 Harmonized NTL 2005 calDMSP
2005,Bolivar,BO,12.7583,Li et al. (2020/2024) Figshare:9828827 file:17626100 Harmonized NTL 2005 calDMSP
2005,Carabobo,CA,16.0035,Li et al. (2020/2024) Figshare:9828827 file:17626100 Harmonized NTL 2005 calDMSP
2005,Cojedes,CO,12.8901,Li et al. (2020/2024) Figshare:9828827 file:17626100 Harmonized NTL 2005 calDMSP
2005,Delta Amacuro,DE,10.7335,Li et al. (2020/2024) Figshare:9828827 file:17626100 Harmonized NTL 2005 calDMSP
2005,Dependencias Fed.,DF,14.8063,Li et al. (2020/2024) Figshare:9828827 file:17626100 Harmonized NTL 2005 calDMSP
2005,Distrito Capital,DC,45.1082,Li et al. (2020/2024) Figshare:9828827 file:17626100 Harmonized NTL 2005 calDMSP
2005,Falcon,FA,9.2743,Li et al. (2020/2024) Figshare:9828827 file:17626100 Harmonized NTL 2005 calDMSP
2005,Guarico,GU,9.5019,Li et al. (2020/2024) Figshare:9828827 file:17626100 Harmonized NTL 2005 calDMSP
2005,Lara,LA,10.1001,Li et al. (2020/2024) Figshare:9828827 file:17626100 Harmonized NTL 2005 calDMSP
2005,Merida,ME,8.4099,Li et al. (2020/2024) Figshare:9828827 file:17626100 Harmonized NTL 2005 calDMSP
2005,Miranda,MI,18.9492,Li et al. (2020/2024) Figshare:9828827 file:17626100 Harmonized NTL 2005 calDMSP
2005,Monagas,MO,10.702,Li et al. (2020/2024) Figshare:9828827 file:17626100 Harmonized NTL 2005 calDMSP
2005,Nueva Esparta,NE,20.1265,Li et al. (2020/2024) Figshare:9828827 file:17626100 Harmonized NTL 2005 calDMSP
2005,Portuguesa,PO,9.1195,Li et al. (2020/2024) Figshare:9828827 file:17626100 Harmonized NTL 2005 calDMSP
2005,Sucre,SU,8.3111,Li et al. (2020/2024) Figshare:9828827 file:17626100 Harmonized NTL 2005 calDMSP
2005,Tachira,TA,9.2179,Li et al. (2020/2024) Figshare:9828827 file:17626100 Harmonized NTL 2005 calDMSP
2005,Trujillo,TR,9.2848,Li et al. (2020/2024) Figshare:9828827 file:17626100 Harmonized NTL 2005 calDMSP
2005,Vargas,VA,24.7839,Li et al. (2020/2024) Figshare:9828827 file:17626100 Harmonized NTL 2005 calDMSP
2005,Yaracuy,YA,10.4777,Li et al. (2020/2024) Figshare:9828827 file:17626100 Harmonized NTL 2005 calDMSP
2005,Zulia,ZU,11.5205,Li et al. (2020/2024) Figshare:9828827 file:17626100 Harmonized NTL 2005 calDMSP
2006,Amazonas,AM,13.5162,Li et al. (2020/2024) Figshare:9828827 file:17626103 Harmonized NTL 2006 calDMSP
2006,Anzoategui,AN,12.9994,Li et al. (2020/2024) Figshare:9828827 file:17626103 Harmonized NTL 2006 calDMSP
2006,Apure,AP,10.0602,Li et al. (2020/2024) Figshare:9828827 file:17626103 Harmonized NTL 2006 calDMSP
2006,Aragua,AR,19.6594,Li et al. (2020/2024) Figshare:9828827 file:17626103 Harmonized NTL 2006 calDMSP
2006,Barinas,BA,9.4204,Li et al. (2020/2024) Figshare:9828827 file:17626103 Harmonized NTL 2006 calDMSP
2006,Bolivar,BO,13.004,Li et al. (2020/2024) Figshare:9828827 file:17626103 Harmonized NTL 2006 calDMSP
2006,Carabobo,CA,16.7386,Li et al. (2020/2024) Figshare:9828827 file:17626103 Harmonized NTL 2006 calDMSP
2006,Cojedes,CO,14.0966,Li et al. (2020/2024) Figshare:9828827 file:17626103 Harmonized NTL 2006 calDMSP
2006,Delta Amacuro,DE,13.4894,Li et al. (2020/2024) Figshare:9828827 file:17626103 Harmonized NTL 2006 calDMSP
2006,Dependencias Fed.,DF,16.7884,Li et al. (2020/2024) Figshare:9828827 file:17626103 Harmonized NTL 2006 calDMSP
2006,Distrito Capital,DC,46.2251,Li et al. (2020/2024) Figshare:9828827 file:17626103 Harmonized NTL 2006 calDMSP
2006,Falcon,FA,9.0055,Li et al. (2020/2024) Figshare:9828827 file:17626103 Harmonized NTL 2006 calDMSP
2006,Guarico,GU,10.6335,Li et al. (2020/2024) Figshare:9828827 file:17626103 Harmonized NTL 2006 calDMSP
2006,Lara,LA,10.5265,Li et al. (2020/2024) Figshare:9828827 file:17626103 Harmonized NTL 2006 calDMSP
2006,Merida,ME,8.4581,Li et al. (2020/2024) Figshare:9828827 file:17626103 Harmonized NTL 2006 calDMSP
2006,Miranda,MI,20.3162,Li et al. (2020/2024) Figshare:9828827 file:17626103 Harmonized NTL 2006 calDMSP
2006,Monagas,MO,11.6139,Li et al. (2020/2024) Figshare:9828827 file:17626103 Harmonized NTL 2006 calDMSP
2006,Nueva Esparta,NE,20.4711,Li et al. (2020/2024) Figshare:9828827 file:17626103 Harmonized NTL 2006 calDMSP
2006,Portuguesa,PO,9.3646,Li et al. (2020/2024) Figshare:9828827 file:17626103 Harmonized NTL 2006 calDMSP
2006,Sucre,SU,9.6689,Li et al. (2020/2024) Figshare:9828827 file:17626103 Harmonized NTL 2006 calDMSP
2006,Tachira,TA,9.5467,Li et al. (2020/2024) Figshare:9828827 file:17626103 Harmonized NTL 2006 calDMSP
2006,Trujillo,TR,9.3889,Li et al. (2020/2024) Figshare:9828827 file:17626103 Harmonized NTL 2006 calDMSP
2006,Vargas,VA,27.1249,Li et al. (2020/2024) Figshare:9828827 file:17626103 Harmonized NTL 2006 calDMSP
2006,Yaracuy,YA,11.2887,Li et al. (2020/2024) Figshare:9828827 file:17626103 Harmonized NTL 2006 calDMSP
2006,Zulia,ZU,12.6647,Li et al. (2020/2024) Figshare:9828827 file:17626103 Harmonized NTL 2006 calDMSP
2007,Amazonas,AM,12.678,Li et al. (2020/2024) Figshare:9828827 file:17626109 Harmonized NTL 2007 calDMSP
2007,Anzoategui,AN,12.0989,Li et al. (2020/2024) Figshare:9828827 file:17626109 Harmonized NTL 2007 calDMSP
2007,Apure,AP,10.0869,Li et al. (2020/2024) Figshare:9828827 file:17626109 Harmonized NTL 2007 calDMSP
2007,Aragua,AR,19.7745,Li et al. (2020/2024) Figshare:9828827 file:17626109 Harmonized NTL 2007 calDMSP
2007,Barinas,BA,9.9188,Li et al. (2020/2024) Figshare:9828827 file:17626109 Harmonized NTL 2007 calDMSP
2007,Bolivar,BO,12.6001,Li et al. (2020/2024) Figshare:9828827 file:17626109 Harmonized NTL 2007 calDMSP
2007,Carabobo,CA,17.28,Li et al. (2020/2024) Figshare:9828827 file:17626109 Harmonized NTL 2007 calDMSP
2007,Cojedes,CO,15.2089,Li et al. (2020/2024) Figshare:9828827 file:17626109 Harmonized NTL 2007 calDMSP
2007,Delta Amacuro,DE,12.4003,Li et al. (2020/2024) Figshare:9828827 file:17626109 Harmonized NTL 2007 calDMSP
2007,Dependencias Fed.,DF,16.9948,Li et al. (2020/2024) Figshare:9828827 file:17626109 Harmonized NTL 2007 calDMSP
2007,Distrito Capital,DC,44.7136,Li et al. (2020/2024) Figshare:9828827 file:17626109 Harmonized NTL 2007 calDMSP
2007,Falcon,FA,9.1903,Li et al. (2020/2024) Figshare:9828827 file:17626109 Harmonized NTL 2007 calDMSP
2007,Guarico,GU,10.7511,Li et al. (2020/2024) Figshare:9828827 file:17626109 Harmonized NTL 2007 calDMSP
2007,Lara,LA,10.9426,Li et al. (2020/2024) Figshare:9828827 file:17626109 Harmonized NTL 2007 calDMSP
2007,Merida,ME,8.1593,Li et al. (2020/2024) Figshare:9828827 file:17626109 Harmonized NTL 2007 calDMSP
2007,Miranda,MI,19.5619,Li et al. (2020/2024) Figshare:9828827 file:17626109 Harmonized NTL 2007 calDMSP
2007,Monagas,MO,10.8107,Li et al. (2020/2024) Figshare:9828827 file:17626109 Harmonized NTL 2007 calDMSP
2007,Nueva Esparta,NE,21.8901,Li et al. (2020/2024) Figshare:9828827 file:17626109 Harmonized NTL 2007 calDMSP
2007,Portuguesa,PO,9.9627,Li et al. (2020/2024) Figshare:9828827 file:17626109 Harmonized NTL 2007 calDMSP
2007,Sucre,SU,9.8251,Li et al. (2020/2024) Figshare:9828827 file:17626109 Harmonized NTL 2007 calDMSP
2007,Tachira,TA,9.5492,Li et al. (2020/2024) Figshare:9828827 file:17626109 Harmonized NTL 2007 calDMSP
2007,Trujillo,TR,9.4443,Li et al. (2020/2024) Figshare:9828827 file:17626109 Harmonized NTL 2007 calDMSP
2007,Vargas,VA,26.606,Li et al. (2020/2024) Figshare:9828827 file:17626109 Harmonized NTL 2007 calDMSP
2007,Yaracuy,YA,11.9342,Li et al. (2020/2024) Figshare:9828827 file:17626109 Harmonized NTL 2007 calDMSP
2007,Zulia,ZU,12.5213,Li et al. (2020/2024) Figshare:9828827 file:17626109 Harmonized NTL 2007 calDMSP
2008,Amazonas,AM,13.5088,Li et al. (2020/2024) Figshare:9828827 file:17626016 Harmonized NTL 2008 calDMSP
2008,Anzoategui,AN,12.371,Li et al. (2020/2024) Figshare:9828827 file:17626016 Harmonized NTL 2008 calDMSP
2008,Apure,AP,11.2542,Li et al. (2020/2024) Figshare:9828827 file:17626016 Harmonized NTL 2008 calDMSP
2008,Aragua,AR,19.6432,Li et al. (2020/2024) Figshare:9828827 file:17626016 Harmonized NTL 2008 calDMSP
2008,Barinas,BA,11.0248,Li et al. (2020/2024) Figshare:9828827 file:17626016 Harmonized NTL 2008 calDMSP
2008,Bolivar,BO,12.1601,Li et al. (2020/2024) Figshare:9828827 file:17626016 Harmonized NTL 2008 calDMSP
2008,Carabobo,CA,17.9607,Li et al. (2020/2024) Figshare:9828827 file:17626016 Harmonized NTL 2008 calDMSP
2008,Cojedes,CO,15.5234,Li et al. (2020/2024) Figshare:9828827 file:17626016 Harmonized NTL 2008 calDMSP
2008,Delta Amacuro,DE,13.4687,Li et al. (2020/2024) Figshare:9828827 file:17626016 Harmonized NTL 2008 calDMSP
2008,Dependencias Fed.,DF,16.785,Li et al. (2020/2024) Figshare:9828827 file:17626016 Harmonized NTL 2008 calDMSP
2008,Distrito Capital,DC,45.1092,Li et al. (2020/2024) Figshare:9828827 file:17626016 Harmonized NTL 2008 calDMSP
2008,Falcon,FA,9.7061,Li et al. (2020/2024) Figshare:9828827 file:17626016 Harmonized NTL 2008 calDMSP
2008,Guarico,GU,11.048,Li et al. (2020/2024) Figshare:9828827 file:17626016 Harmonized NTL 2008 calDMSP
2008,Lara,LA,12.2288,Li et al. (2020/2024) Figshare:9828827 file:17626016 Harmonized NTL 2008 calDMSP
2008,Merida,ME,8.7777,Li et al. (2020/2024) Figshare:9828827 file:17626016 Harmonized NTL 2008 calDMSP
2008,Miranda,MI,19.2278,Li et al. (2020/2024) Figshare:9828827 file:17626016 Harmonized NTL 2008 calDMSP
2008,Monagas,MO,11.8385,Li et al. (2020/2024) Figshare:9828827 file:17626016 Harmonized NTL 2008 calDMSP
2008,Nueva Esparta,NE,20.7342,Li et al. (2020/2024) Figshare:9828827 file:17626016 Harmonized NTL 2008 calDMSP
2008,Portuguesa,PO,10.9609,Li et al. (2020/2024) Figshare:9828827 file:17626016 Harmonized NTL 2008 calDMSP
2008,Sucre,SU,9.1716,Li et al. (2020/2024) Figshare:9828827 file:17626016 Harmonized NTL 2008 calDMSP
2008,Tachira,TA,10.2393,Li et al. (2020/2024) Figshare:9828827 file:17626016 Harmonized NTL 2008 calDMSP
2008,Trujillo,TR,10.1395,Li et al. (2020/2024) Figshare:9828827 file:17626016 Harmonized NTL 2008 calDMSP
2008,Vargas,VA,24.8994,Li et al. (2020/2024) Figshare:9828827 file:17626016 Harmonized NTL 2008 calDMSP
2008,Yaracuy,YA,12.9146,Li et al. (2020/2024) Figshare:9828827 file:17626016 Harmonized NTL 2008 calDMSP
2008,Zulia,ZU,12.734,Li et al. (2020/2024) Figshare:9828827 file:17626016 Harmonized NTL 2008 calDMSP
2009,Amazonas,AM,21.0707,Li et al. (2020/2024) Figshare:9828827 file:17626019 Harmonized NTL 2009 calDMSP
2009,Anzoategui,AN,14.7748,Li et al. (2020/2024) Figshare:9828827 file:17626019 Harmonized NTL 2009 calDMSP
2009,Apure,AP,13.2874,Li et al. (2020/2024) Figshare:9828827 file:17626019 Harmonized NTL 2009 calDMSP
2009,Aragua,AR,19.8331,Li et al. (2020/2024) Figshare:9828827 file:17626019 Harmonized NTL 2009 calDMSP
2009,Barinas,BA,12.1962,Li et al. (2020/2024) Figshare:9828827 file:17626019 Harmonized NTL 2009 calDMSP
2009,Bolivar,BO,15.5235,Li et al. (2020/2024) Figshare:9828827 file:17626019 Harmonized NTL 2009 calDMSP
2009,Carabobo,CA,17.8778,Li et al. (2020/2024) Figshare:9828827 file:17626019 Harmonized NTL 2009 calDMSP
2009,Cojedes,CO,15.889,Li et al. (2020/2024) Figshare:9828827 file:17626019 Harmonized NTL 2009 calDMSP
2009,Delta Amacuro,DE,16.9036,Li et al. (2020/2024) Figshare:9828827 file:17626019 Harmonized NTL 2009 calDMSP
2009,Dependencias Fed.,DF,17.9336,Li et al. (2020/2024) Figshare:9828827 file:17626019 Harmonized NTL 2009 calDMSP
2009,Distrito Capital,DC,45.0383,Li et al. (2020/2024) Figshare:9828827 file:17626019 Harmonized NTL 2009 calDMSP
2009,Falcon,FA,12.09,Li et al. (2020/2024) Figshare:9828827 file:17626019 Harmonized NTL 2009 calDMSP
2009,Guarico,GU,12.2125,Li et al. (2020/2024) Figshare:9828827 file:17626019 Harmonized NTL 2009 calDMSP
2009,Lara,LA,12.5884,Li et al. (2020/2024) Figshare:9828827 file:17626019 Harmonized NTL 2009 calDMSP
2009,Merida,ME,10.0846,Li et al. (2020/2024) Figshare:9828827 file:17626019 Harmonized NTL 2009 calDMSP
2009,Miranda,MI,20.3052,Li et al. (2020/2024) Figshare:9828827 file:17626019 Harmonized NTL 2009 calDMSP
2009,Monagas,MO,14.5681,Li et al. (2020/2024) Figshare:9828827 file:17626019 Harmonized NTL 2009 calDMSP
2009,Nueva Esparta,NE,22.0071,Li et al. (2020/2024) Figshare:9828827 file:17626019 Harmonized NTL 2009 calDMSP
2009,Portuguesa,PO,11.7442,Li et al. (2020/2024) Figshare:9828827 file:17626019 Harmonized NTL 2009 calDMSP
2009,Sucre,SU,10.554,Li et al. (2020/2024) Figshare:9828827 file:17626019 Harmonized NTL 2009 calDMSP
2009,Tachira,TA,11.5272,Li et al. (2020/2024) Figshare:9828827 file:17626019 Harmonized NTL 2009 calDMSP
2009,Trujillo,TR,10.5262,Li et al. (2020/2024) Figshare:9828827 file:17626019 Harmonized NTL 2009 calDMSP
2009,Vargas,VA,25.7036,Li et al. (2020/2024) Figshare:9828827 file:17626019 Harmonized NTL 2009 calDMSP
2009,Yaracuy,YA,12.9014,Li et al. (2020/2024) Figshare:9828827 file:17626019 Harmonized NTL 2009 calDMSP
2009,Zulia,ZU,14.9926,Li et al. (2020/2024) Figshare:9828827 file:17626019 Harmonized NTL 2009 calDMSP
2010,Amazonas,AM,11.1494,Li et al. (2020/2024) Figshare:9828827 file:17626022 Harmonized NTL 2010 calDMSP
2010,Anzoategui,AN,12.2344,Li et al. (2020/2024) Figshare:9828827 file:17626022 Harmonized NTL 2010 calDMSP
2010,Apure,AP,9.3114,Li et al. (2020/2024) Figshare:9828827 file:17626022 Harmonized NTL 2010 calDMSP
2010,Aragua,AR,17.8142,Li et al. (2020/2024) Figshare:9828827 file:17626022 Harmonized NTL 2010 calDMSP
2010,Barinas,BA,8.6345,Li et al. (2020/2024) Figshare:9828827 file:17626022 Harmonized NTL 2010 calDMSP
2010,Bolivar,BO,12.6441,Li et al. (2020/2024) Figshare:9828827 file:17626022 Harmonized NTL 2010 calDMSP
2010,Carabobo,CA,15.0657,Li et al. (2020/2024) Figshare:9828827 file:17626022 Harmonized NTL 2010 calDMSP
2010,Cojedes,CO,12.8527,Li et al. (2020/2024) Figshare:9828827 file:17626022 Harmonized NTL 2010 calDMSP
2010,Delta Amacuro,DE,14.6197,Li et al. (2020/2024) Figshare:9828827 file:17626022 Harmonized NTL 2010 calDMSP
2010,Dependencias Fed.,DF,16.3644,Li et al. (2020/2024) Figshare:9828827 file:17626022 Harmonized NTL 2010 calDMSP
2010,Distrito Capital,DC,43.8142,Li et al. (2020/2024) Figshare:9828827 file:17626022 Harmonized NTL 2010 calDMSP
2010,Falcon,FA,9.1779,Li et al. (2020/2024) Figshare:9828827 file:17626022 Harmonized NTL 2010 calDMSP
2010,Guarico,GU,9.132,Li et al. (2020/2024) Figshare:9828827 file:17626022 Harmonized NTL 2010 calDMSP
2010,Lara,LA,9.8436,Li et al. (2020/2024) Figshare:9828827 file:17626022 Harmonized NTL 2010 calDMSP
2010,Merida,ME,7.3605,Li et al. (2020/2024) Figshare:9828827 file:17626022 Harmonized NTL 2010 calDMSP
2010,Miranda,MI,18.3199,Li et al. (2020/2024) Figshare:9828827 file:17626022 Harmonized NTL 2010 calDMSP
2010,Monagas,MO,12.1657,Li et al. (2020/2024) Figshare:9828827 file:17626022 Harmonized NTL 2010 calDMSP
2010,Nueva Esparta,NE,20.6382,Li et al. (2020/2024) Figshare:9828827 file:17626022 Harmonized NTL 2010 calDMSP
2010,Portuguesa,PO,8.6223,Li et al. (2020/2024) Figshare:9828827 file:17626022 Harmonized NTL 2010 calDMSP
2010,Sucre,SU,9.1328,Li et al. (2020/2024) Figshare:9828827 file:17626022 Harmonized NTL 2010 calDMSP
2010,Tachira,TA,8.9197,Li et al. (2020/2024) Figshare:9828827 file:17626022 Harmonized NTL 2010 calDMSP
2010,Trujillo,TR,8.4119,Li et al. (2020/2024) Figshare:9828827 file:17626022 Harmonized NTL 2010 calDMSP
2010,Vargas,VA,23.0691,Li et al. (2020/2024) Figshare:9828827 file:17626022 Harmonized NTL 2010 calDMSP
2010,Yaracuy,YA,9.7766,Li et al. (2020/2024) Figshare:9828827 file:17626022 Harmonized NTL 2010 calDMSP
2010,Zulia,ZU,11.0688,Li et al. (2020/2024) Figshare:9828827 file:17626022 Harmonized NTL 2010 calDMSP
2011,Amazonas,AM,11.7066,Li et al. (2020/2024) Figshare:9828827 file:17626025 Harmonized NTL 2011 calDMSP
2011,Anzoategui,AN,13.7697,Li et al. (2020/2024) Figshare:9828827 file:17626025 Harmonized NTL 2011 calDMSP
2011,Apure,AP,9.7261,Li et al. (2020/2024) Figshare:9828827 file:17626025 Harmonized NTL 2011 calDMSP
2011,Aragua,AR,17.5023,Li et al. (2020/2024) Figshare:9828827 file:17626025 Harmonized NTL 2011 calDMSP
2011,Barinas,BA,9.0724,Li et al. (2020/2024) Figshare:9828827 file:17626025 Harmonized NTL 2011 calDMSP
2011,Bolivar,BO,13.6507,Li et al. (2020/2024) Figshare:9828827 file:17626025 Harmonized NTL 2011 calDMSP
2011,Carabobo,CA,15.3204,Li et al. (2020/2024) Figshare:9828827 file:17626025 Harmonized NTL 2011 calDMSP
2011,Cojedes,CO,12.7061,Li et al. (2020/2024) Figshare:9828827 file:17626025 Harmonized NTL 2011 calDMSP
2011,Delta Amacuro,DE,15.4969,Li et al. (2020/2024) Figshare:9828827 file:17626025 Harmonized NTL 2011 calDMSP
2011,Dependencias Fed.,DF,16.758,Li et al. (2020/2024) Figshare:9828827 file:17626025 Harmonized NTL 2011 calDMSP
2011,Distrito Capital,DC,45.4828,Li et al. (2020/2024) Figshare:9828827 file:17626025 Harmonized NTL 2011 calDMSP
2011,Falcon,FA,9.963,Li et al. (2020/2024) Figshare:9828827 file:17626025 Harmonized NTL 2011 calDMSP
2011,Guarico,GU,9.759,Li et al. (2020/2024) Figshare:9828827 file:17626025 Harmonized NTL 2011 calDMSP
2011,Lara,LA,10.2078,Li et al. (2020/2024) Figshare:9828827 file:17626025 Harmonized NTL 2011 calDMSP
2011,Merida,ME,7.9722,Li et al. (2020/2024) Figshare:9828827 file:17626025 Harmonized NTL 2011 calDMSP
2011,Miranda,MI,17.92,Li et al. (2020/2024) Figshare:9828827 file:17626025 Harmonized NTL 2011 calDMSP
2011,Monagas,MO,14.3826,Li et al. (2020/2024) Figshare:9828827 file:17626025 Harmonized NTL 2011 calDMSP
2011,Nueva Esparta,NE,21.6566,Li et al. (2020/2024) Figshare:9828827 file:17626025 Harmonized NTL 2011 calDMSP
2011,Portuguesa,PO,8.9558,Li et al. (2020/2024) Figshare:9828827 file:17626025 Harmonized NTL 2011 calDMSP
2011,Sucre,SU,9.3541,Li et al. (2020/2024) Figshare:9828827 file:17626025 Harmonized NTL 2011 calDMSP
2011,Tachira,TA,9.4917,Li et al. (2020/2024) Figshare:9828827 file:17626025 Harmonized NTL 2011 calDMSP
2011,Trujillo,TR,8.8262,Li et al. (2020/2024) Figshare:9828827 file:17626025 Harmonized NTL 2011 calDMSP
2011,Vargas,VA,22.6227,Li et al. (2020/2024) Figshare:9828827 file:17626025 Harmonized NTL 2011 calDMSP
2011,Yaracuy,YA,10.0795,Li et al. (2020/2024) Figshare:9828827 file:17626025 Harmonized NTL 2011 calDMSP
2011,Zulia,ZU,12.719,Li et al. (2020/2024) Figshare:9828827 file:17626025 Harmonized NTL 2011 calDMSP
2012,Amazonas,AM,12.5965,Li et al. (2020/2024) Figshare:9828827 file:17626031 Harmonized NTL 2012 calDMSP
2012,Anzoategui,AN,17.2698,Li et al. (2020/2024) Figshare:9828827 file:17626031 Harmonized NTL 2012 calDMSP
2012,Apure,AP,11.9678,Li et al. (2020/2024) Figshare:9828827 file:17626031 Harmonized NTL 2012 calDMSP
2012,Aragua,AR,21.7234,Li et al. (2020/2024) Figshare:9828827 file:17626031 Harmonized NTL 2012 calDMSP
2012,Barinas,BA,10.7192,Li et al. (2020/2024) Figshare:9828827 file:17626031 Harmonized NTL 2012 calDMSP
2012,Bolivar,BO,15.2766,Li et al. (2020/2024) Figshare:9828827 file:17626031 Harmonized NTL 2012 calDMSP
2012,Carabobo,CA,17.5948,Li et al. (2020/2024) Figshare:9828827 file:17626031 Harmonized NTL 2012 calDMSP
2012,Cojedes,CO,15.2712,Li et al. (2020/2024) Figshare:9828827 file:17626031 Harmonized NTL 2012 calDMSP
2012,Delta Amacuro,DE,17.54,Li et al. (2020/2024) Figshare:9828827 file:17626031 Harmonized NTL 2012 calDMSP
2012,Dependencias Fed.,DF,21.1348,Li et al. (2020/2024) Figshare:9828827 file:17626031 Harmonized NTL 2012 calDMSP
2012,Distrito Capital,DC,47.2308,Li et al. (2020/2024) Figshare:9828827 file:17626031 Harmonized NTL 2012 calDMSP
2012,Falcon,FA,11.3863,Li et al. (2020/2024) Figshare:9828827 file:17626031 Harmonized NTL 2012 calDMSP
2012,Guarico,GU,13.6165,Li et al. (2020/2024) Figshare:9828827 file:17626031 Harmonized NTL 2012 calDMSP
2012,Lara,LA,11.8668,Li et al. (2020/2024) Figshare:9828827 file:17626031 Harmonized NTL 2012 calDMSP
2012,Merida,ME,9.3226,Li et al. (2020/2024) Figshare:9828827 file:17626031 Harmonized NTL 2012 calDMSP
2012,Miranda,MI,23.3715,Li et al. (2020/2024) Figshare:9828827 file:17626031 Harmonized NTL 2012 calDMSP
2012,Monagas,MO,17.7295,Li et al. (2020/2024) Figshare:9828827 file:17626031 Harmonized NTL 2012 calDMSP
2012,Nueva Esparta,NE,26.0176,Li et al. (2020/2024) Figshare:9828827 file:17626031 Harmonized NTL 2012 calDMSP
2012,Portuguesa,PO,10.6499,Li et al. (2020/2024) Figshare:9828827 file:17626031 Harmonized NTL 2012 calDMSP
2012,Sucre,SU,12.3234,Li et al. (2020/2024) Figshare:9828827 file:17626031 Harmonized NTL 2012 calDMSP
2012,Tachira,TA,11.2061,Li et al. (2020/2024) Figshare:9828827 file:17626031 Harmonized NTL 2012 calDMSP
2012,Trujillo,TR,10.19,Li et al. (2020/2024) Figshare:9828827 file:17626031 Harmonized NTL 2012 calDMSP
2012,Vargas,VA,30.5565,Li et al. (2020/2024) Figshare:9828827 file:17626031 Harmonized NTL 2012 calDMSP
2012,Yaracuy,YA,11.7761,Li et al. (2020/2024) Figshare:9828827 file:17626031 Harmonized NTL 2012 calDMSP
2012,Zulia,ZU,13.6823,Li et al. (2020/2024) Figshare:9828827 file:17626031 Harmonized NTL 2012 calDMSP
2013,Amazonas,AM,13.7904,Li et al. (2020/2024) Figshare:9828827 file:17626034 Harmonized NTL 2013 calDMSP
2013,Anzoategui,AN,17.9751,Li et al. (2020/2024) Figshare:9828827 file:17626034 Harmonized NTL 2013 calDMSP
2013,Apure,AP,11.8614,Li et al. (2020/2024) Figshare:9828827 file:17626034 Harmonized NTL 2013 calDMSP
2013,Aragua,AR,22.6685,Li et al. (2020/2024) Figshare:9828827 file:17626034 Harmonized NTL 2013 calDMSP
2013,Barinas,BA,10.8669,Li et al. (2020/2024) Figshare:9828827 file:17626034 Harmonized NTL 2013 calDMSP
2013,Bolivar,BO,15.4487,Li et al. (2020/2024) Figshare:9828827 file:17626034 Harmonized NTL 2013 calDMSP
2013,Carabobo,CA,18.4416,Li et al. (2020/2024) Figshare:9828827 file:17626034 Harmonized NTL 2013 calDMSP
2013,Cojedes,CO,15.9017,Li et al. (2020/2024) Figshare:9828827 file:17626034 Harmonized NTL 2013 calDMSP
2013,Delta Amacuro,DE,17.0598,Li et al. (2020/2024) Figshare:9828827 file:17626034 Harmonized NTL 2013 calDMSP
2013,Dependencias Fed.,DF,21.2344,Li et al. (2020/2024) Figshare:9828827 file:17626034 Harmonized NTL 2013 calDMSP
2013,Distrito Capital,DC,47.2213,Li et al. (2020/2024) Figshare:9828827 file:17626034 Harmonized NTL 2013 calDMSP
2013,Falcon,FA,11.3188,Li et al. (2020/2024) Figshare:9828827 file:17626034 Harmonized NTL 2013 calDMSP
2013,Guarico,GU,14.4087,Li et al. (2020/2024) Figshare:9828827 file:17626034 Harmonized NTL 2013 calDMSP
2013,Lara,LA,11.9939,Li et al. (2020/2024) Figshare:9828827 file:17626034 Harmonized NTL 2013 calDMSP
2013,Merida,ME,9.2618,Li et al. (2020/2024) Figshare:9828827 file:17626034 Harmonized NTL 2013 calDMSP
2013,Miranda,MI,24.3208,Li et al. (2020/2024) Figshare:9828827 file:17626034 Harmonized NTL 2013 calDMSP
2013,Monagas,MO,18.8037,Li et al. (2020/2024) Figshare:9828827 file:17626034 Harmonized NTL 2013 calDMSP
2013,Nueva Esparta,NE,26.1594,Li et al. (2020/2024) Figshare:9828827 file:17626034 Harmonized NTL 2013 calDMSP
2013,Portuguesa,PO,10.7152,Li et al. (2020/2024) Figshare:9828827 file:17626034 Harmonized NTL 2013 calDMSP
2013,Sucre,SU,12.232,Li et al. (2020/2024) Figshare:9828827 file:17626034 Harmonized NTL 2013 calDMSP
2013,Tachira,TA,11.0442,Li et al. (2020/2024) Figshare:9828827 file:17626034 Harmonized NTL 2013 calDMSP
2013,Trujillo,TR,10.4644,Li et al. (2020/2024) Figshare:9828827 file:17626034 Harmonized NTL 2013 calDMSP
2013,Vargas,VA,31.1411,Li et al. (2020/2024) Figshare:9828827 file:17626034 Harmonized NTL 2013 calDMSP
2013,Yaracuy,YA,12.0509,Li et al. (2020/2024) Figshare:9828827 file:17626034 Harmonized NTL 2013 calDMSP
2013,Zulia,ZU,13.7803,Li et al. (2020/2024) Figshare:9828827 file:17626034 Harmonized NTL 2013 calDMSP
2014,Amazonas,AM,16.3703,Li et al. (2020/2024) Figshare:9828827 file:57065276 Harmonized NTL 2014 simVIIRS
2014,Anzoategui,AN,22.9641,Li et al. (2020/2024) Figshare:9828827 file:57065276 Harmonized NTL 2014 simVIIRS
2014,Apure,AP,14.1277,Li et al. (2020/2024) Figshare:9828827 file:57065276 Harmonized NTL 2014 simVIIRS
2014,Aragua,AR,29.3737,Li et al. (2020/2024) Figshare:9828827 file:57065276 Harmonized NTL 2014 simVIIRS
2014,Barinas,BA,17.5848,Li et al. (2020/2024) Figshare:9828827 file:57065276 Harmonized NTL 2014 simVIIRS
2014,Bolivar,BO,20.0522,Li et al. (2020/2024) Figshare:9828827 file:57065276 Harmonized NTL 2014 simVIIRS
2014,Carabobo,CA,27.4478,Li et al. (2020/2024) Figshare:9828827 file:57065276 Harmonized NTL 2014 simVIIRS
2014,Cojedes,CO,23.82,Li et al. (2020/2024) Figshare:9828827 file:57065276 Harmonized NTL 2014 simVIIRS
2014,Delta Amacuro,DE,25.6496,Li et al. (2020/2024) Figshare:9828827 file:57065276 Harmonized NTL 2014 simVIIRS
2014,Dependencias Fed.,DF,28.9995,Li et al. (2020/2024) Figshare:9828827 file:57065276 Harmonized NTL 2014 simVIIRS
2014,Distrito Capital,DC,51.8022,Li et al. (2020/2024) Figshare:9828827 file:57065276 Harmonized NTL 2014 simVIIRS
2014,Falcon,FA,20.7592,Li et al. (2020/2024) Figshare:9828827 file:57065276 Harmonized NTL 2014 simVIIRS
2014,Guarico,GU,15.8548,Li et al. (2020/2024) Figshare:9828827 file:57065276 Harmonized NTL 2014 simVIIRS
2014,Lara,LA,19.5436,Li et al. (2020/2024) Figshare:9828827 file:57065276 Harmonized NTL 2014 simVIIRS
2014,Merida,ME,16.8289,Li et al. (2020/2024) Figshare:9828827 file:57065276 Harmonized NTL 2014 simVIIRS
2014,Miranda,MI,28.8543,Li et al. (2020/2024) Figshare:9828827 file:57065276 Harmonized NTL 2014 simVIIRS
2014,Monagas,MO,24.1786,Li et al. (2020/2024) Figshare:9828827 file:57065276 Harmonized NTL 2014 simVIIRS
2014,Nueva Esparta,NE,34.3169,Li et al. (2020/2024) Figshare:9828827 file:57065276 Harmonized NTL 2014 simVIIRS
2014,Portuguesa,PO,17.61,Li et al. (2020/2024) Figshare:9828827 file:57065276 Harmonized NTL 2014 simVIIRS
2014,Sucre,SU,16.6924,Li et al. (2020/2024) Figshare:9828827 file:57065276 Harmonized NTL 2014 simVIIRS
2014,Tachira,TA,19.9285,Li et al. (2020/2024) Figshare:9828827 file:57065276 Harmonized NTL 2014 simVIIRS
2014,Trujillo,TR,17.4235,Li et al. (2020/2024) Figshare:9828827 file:57065276 Harmonized NTL 2014 simVIIRS
2014,Vargas,VA,39.5235,Li et al. (2020/2024) Figshare:9828827 file:57065276 Harmonized NTL 2014 simVIIRS
2014,Yaracuy,YA,19.8431,Li et al. (2020/2024) Figshare:9828827 file:57065276 Harmonized NTL 2014 simVIIRS
2014,Zulia,ZU,24.3382,Li et al. (2020/2024) Figshare:9828827 file:57065276 Harmonized NTL 2014 simVIIRS
2015,Amazonas,AM,15.785,Li et al. (2020/2024) Figshare:9828827 file:57065321 Harmonized NTL 2015 simVIIRS
2015,Anzoategui,AN,22.0682,Li et al. (2020/2024) Figshare:9828827 file:57065321 Harmonized NTL 2015 simVIIRS
2015,Apure,AP,13.6932,Li et al. (2020/2024) Figshare:9828827 file:57065321 Harmonized NTL 2015 simVIIRS
2015,Aragua,AR,28.0781,Li et al. (2020/2024) Figshare:9828827 file:57065321 Harmonized NTL 2015 simVIIRS
2015,Barinas,BA,17.107,Li et al. (2020/2024) Figshare:9828827 file:57065321 Harmonized NTL 2015 simVIIRS
2015,Bolivar,BO,19.3057,Li et al. (2020/2024) Figshare:9828827 file:57065321 Harmonized NTL 2015 simVIIRS
2015,Carabobo,CA,26.2471,Li et al. (2020/2024) Figshare:9828827 file:57065321 Harmonized NTL 2015 simVIIRS
2015,Cojedes,CO,22.5833,Li et al. (2020/2024) Figshare:9828827 file:57065321 Harmonized NTL 2015 simVIIRS
2015,Delta Amacuro,DE,24.3308,Li et al. (2020/2024) Figshare:9828827 file:57065321 Harmonized NTL 2015 simVIIRS
2015,Dependencias Fed.,DF,28.4058,Li et al. (2020/2024) Figshare:9828827 file:57065321 Harmonized NTL 2015 simVIIRS
2015,Distrito Capital,DC,50.0553,Li et al. (2020/2024) Figshare:9828827 file:57065321 Harmonized NTL 2015 simVIIRS
2015,Falcon,FA,20.2363,Li et al. (2020/2024) Figshare:9828827 file:57065321 Harmonized NTL 2015 simVIIRS
2015,Guarico,GU,15.3363,Li et al. (2020/2024) Figshare:9828827 file:57065321 Harmonized NTL 2015 simVIIRS
2015,Lara,LA,19.2178,Li et al. (2020/2024) Figshare:9828827 file:57065321 Harmonized NTL 2015 simVIIRS
2015,Merida,ME,16.3805,Li et al. (2020/2024) Figshare:9828827 file:57065321 Harmonized NTL 2015 simVIIRS
2015,Miranda,MI,27.285,Li et al. (2020/2024) Figshare:9828827 file:57065321 Harmonized NTL 2015 simVIIRS
2015,Monagas,MO,23.3207,Li et al. (2020/2024) Figshare:9828827 file:57065321 Harmonized NTL 2015 simVIIRS
2015,Nueva Esparta,NE,33.0545,Li et al. (2020/2024) Figshare:9828827 file:57065321 Harmonized NTL 2015 simVIIRS
2015,Portuguesa,PO,17.2138,Li et al. (2020/2024) Figshare:9828827 file:57065321 Harmonized NTL 2015 simVIIRS
2015,Sucre,SU,15.7652,Li et al. (2020/2024) Figshare:9828827 file:57065321 Harmonized NTL 2015 simVIIRS
2015,Tachira,TA,18.8854,Li et al. (2020/2024) Figshare:9828827 file:57065321 Harmonized NTL 2015 simVIIRS
2015,Trujillo,TR,16.7769,Li et al. (2020/2024) Figshare:9828827 file:57065321 Harmonized NTL 2015 simVIIRS
2015,Vargas,VA,37.5621,Li et al. (2020/2024) Figshare:9828827 file:57065321 Harmonized NTL 2015 simVIIRS
2015,Yaracuy,YA,19.129,Li et al. (2020/2024) Figshare:9828827 file:57065321 Harmonized NTL 2015 simVIIRS
2015,Zulia,ZU,23.4767,Li et al. (2020/2024) Figshare:9828827 file:57065321 Harmonized NTL 2015 simVIIRS
2016,Amazonas,AM,14.7113,Li et al. (2020/2024) Figshare:9828827 file:57065291 Harmonized NTL 2016 simVIIRS
2016,Anzoategui,AN,23.4106,Li et al. (2020/2024) Figshare:9828827 file:57065291 Harmonized NTL 2016 simVIIRS
2016,Apure,AP,13.6352,Li et al. (2020/2024) Figshare:9828827 file:57065291 Harmonized NTL 2016 simVIIRS
2016,Aragua,AR,28.2841,Li et al. (2020/2024) Figshare:9828827 file:57065291 Harmonized NTL 2016 simVIIRS
2016,Barinas,BA,18.0632,Li et al. (2020/2024) Figshare:9828827 file:57065291 Harmonized NTL 2016 simVIIRS
2016,Bolivar,BO,19.3914,Li et al. (2020/2024) Figshare:9828827 file:57065291 Harmonized NTL 2016 simVIIRS
2016,Carabobo,CA,26.7082,Li et al. (2020/2024) Figshare:9828827 file:57065291 Harmonized NTL 2016 simVIIRS
2016,Cojedes,CO,21.8003,Li et al. (2020/2024) Figshare:9828827 file:57065291 Harmonized NTL 2016 simVIIRS
2016,Delta Amacuro,DE,25.7889,Li et al. (2020/2024) Figshare:9828827 file:57065291 Harmonized NTL 2016 simVIIRS
2016,Dependencias Fed.,DF,29.3202,Li et al. (2020/2024) Figshare:9828827 file:57065291 Harmonized NTL 2016 simVIIRS
2016,Distrito Capital,DC,49.3292,Li et al. (2020/2024) Figshare:9828827 file:57065291 Harmonized NTL 2016 simVIIRS
2016,Falcon,FA,21.3806,Li et al. (2020/2024) Figshare:9828827 file:57065291 Harmonized NTL 2016 simVIIRS
2016,Guarico,GU,14.8284,Li et al. (2020/2024) Figshare:9828827 file:57065291 Harmonized NTL 2016 simVIIRS
2016,Lara,LA,19.7646,Li et al. (2020/2024) Figshare:9828827 file:57065291 Harmonized NTL 2016 simVIIRS
2016,Merida,ME,16.1907,Li et al. (2020/2024) Figshare:9828827 file:57065291 Harmonized NTL 2016 simVIIRS
2016,Miranda,MI,28.2253,Li et al. (2020/2024) Figshare:9828827 file:57065291 Harmonized NTL 2016 simVIIRS
2016,Monagas,MO,24.5492,Li et al. (2020/2024) Figshare:9828827 file:57065291 Harmonized NTL 2016 simVIIRS
2016,Nueva Esparta,NE,32.8885,Li et al. (2020/2024) Figshare:9828827 file:57065291 Harmonized NTL 2016 simVIIRS
2016,Portuguesa,PO,17.5365,Li et al. (2020/2024) Figshare:9828827 file:57065291 Harmonized NTL 2016 simVIIRS
2016,Sucre,SU,16.2974,Li et al. (2020/2024) Figshare:9828827 file:57065291 Harmonized NTL 2016 simVIIRS
2016,Tachira,TA,18.9395,Li et al. (2020/2024) Figshare:9828827 file:57065291 Harmonized NTL 2016 simVIIRS
2016,Trujillo,TR,16.2333,Li et al. (2020/2024) Figshare:9828827 file:57065291 Harmonized NTL 2016 simVIIRS
2016,Vargas,VA,38.0441,Li et al. (2020/2024) Figshare:9828827 file:57065291 Harmonized NTL 2016 simVIIRS
2016,Yaracuy,YA,19.8896,Li et al. (2020/2024) Figshare:9828827 file:57065291 Harmonized NTL 2016 simVIIRS
2016,Zulia,ZU,23.526,Li et al. (2020/2024) Figshare:9828827 file:57065291 Harmonized NTL 2016 simVIIRS
2017,Amazonas,AM,14.6877,Li et al. (2020/2024) Figshare:9828827 file:57065282 Harmonized NTL 2017 simVIIRS
2017,Anzoategui,AN,19.2695,Li et al. (2020/2024) Figshare:9828827 file:57065282 Harmonized NTL 2017 simVIIRS
2017,Apure,AP,12.5797,Li et al. (2020/2024) Figshare:9828827 file:57065282 Harmonized NTL 2017 simVIIRS
2017,Aragua,AR,24.9583,Li et al. (2020/2024) Figshare:9828827 file:57065282 Harmonized NTL 2017 simVIIRS
2017,Barinas,BA,15.0814,Li et al. (2020/2024) Figshare:9828827 file:57065282 Harmonized NTL 2017 simVIIRS
2017,Bolivar,BO,15.5702,Li et al. (2020/2024) Figshare:9828827 file:57065282 Harmonized NTL 2017 simVIIRS
2017,Carabobo,CA,23.1333,Li et al. (2020/2024) Figshare:9828827 file:57065282 Harmonized NTL 2017 simVIIRS
2017,Cojedes,CO,20.6579,Li et al. (2020/2024) Figshare:9828827 file:57065282 Harmonized NTL 2017 simVIIRS
2017,Delta Amacuro,DE,21.492,Li et al. (2020/2024) Figshare:9828827 file:57065282 Harmonized NTL 2017 simVIIRS
2017,Dependencias Fed.,DF,25.4964,Li et al. (2020/2024) Figshare:9828827 file:57065282 Harmonized NTL 2017 simVIIRS
2017,Distrito Capital,DC,46.6754,Li et al. (2020/2024) Figshare:9828827 file:57065282 Harmonized NTL 2017 simVIIRS
2017,Falcon,FA,18.0361,Li et al. (2020/2024) Figshare:9828827 file:57065282 Harmonized NTL 2017 simVIIRS
2017,Guarico,GU,13.3009,Li et al. (2020/2024) Figshare:9828827 file:57065282 Harmonized NTL 2017 simVIIRS
2017,Lara,LA,17.1226,Li et al. (2020/2024) Figshare:9828827 file:57065282 Harmonized NTL 2017 simVIIRS
2017,Merida,ME,13.5666,Li et al. (2020/2024) Figshare:9828827 file:57065282 Harmonized NTL 2017 simVIIRS
2017,Miranda,MI,24.1844,Li et al. (2020/2024) Figshare:9828827 file:57065282 Harmonized NTL 2017 simVIIRS
2017,Monagas,MO,20.2152,Li et al. (2020/2024) Figshare:9828827 file:57065282 Harmonized NTL 2017 simVIIRS
2017,Nueva Esparta,NE,29.3838,Li et al. (2020/2024) Figshare:9828827 file:57065282 Harmonized NTL 2017 simVIIRS
2017,Portuguesa,PO,15.1409,Li et al. (2020/2024) Figshare:9828827 file:57065282 Harmonized NTL 2017 simVIIRS
2017,Sucre,SU,14.1267,Li et al. (2020/2024) Figshare:9828827 file:57065282 Harmonized NTL 2017 simVIIRS
2017,Tachira,TA,15.917,Li et al. (2020/2024) Figshare:9828827 file:57065282 Harmonized NTL 2017 simVIIRS
2017,Trujillo,TR,14.6326,Li et al. (2020/2024) Figshare:9828827 file:57065282 Harmonized NTL 2017 simVIIRS
2017,Vargas,VA,33.6889,Li et al. (2020/2024) Figshare:9828827 file:57065282 Harmonized NTL 2017 simVIIRS
2017,Yaracuy,YA,16.898,Li et al. (2020/2024) Figshare:9828827 file:57065282 Harmonized NTL 2017 simVIIRS
2017,Zulia,ZU,21.1007,Li et al. (2020/2024) Figshare:9828827 file:57065282 Harmonized NTL 2017 simVIIRS
2018,Amazonas,AM,13.9126,Li et al. (2020/2024) Figshare:9828827 file:57065288 Harmonized NTL 2018 simVIIRS
2018,Anzoategui,AN,18.6921,Li et al. (2020/2024) Figshare:9828827 file:57065288 Harmonized NTL 2018 simVIIRS
2018,Apure,AP,11.7018,Li et al. (2020/2024) Figshare:9828827 file:57065288 Harmonized NTL 2018 simVIIRS
2018,Aragua,AR,24.4242,Li et al. (2020/2024) Figshare:9828827 file:57065288 Harmonized NTL 2018 simVIIRS
2018,Barinas,BA,13.7489,Li et al. (2020/2024) Figshare:9828827 file:57065288 Harmonized NTL 2018 simVIIRS
2018,Bolivar,BO,15.5244,Li et al. (2020/2024) Figshare:9828827 file:57065288 Harmonized NTL 2018 simVIIRS
2018,Carabobo,CA,22.4127,Li et al. (2020/2024) Figshare:9828827 file:57065288 Harmonized NTL 2018 simVIIRS
2018,Cojedes,CO,19.2991,Li et al. (2020/2024) Figshare:9828827 file:57065288 Harmonized NTL 2018 simVIIRS
2018,Delta Amacuro,DE,21.8691,Li et al. (2020/2024) Figshare:9828827 file:57065288 Harmonized NTL 2018 simVIIRS
2018,Dependencias Fed.,DF,25.5655,Li et al. (2020/2024) Figshare:9828827 file:57065288 Harmonized NTL 2018 simVIIRS
2018,Distrito Capital,DC,46.0812,Li et al. (2020/2024) Figshare:9828827 file:57065288 Harmonized NTL 2018 simVIIRS
2018,Falcon,FA,17.9304,Li et al. (2020/2024) Figshare:9828827 file:57065288 Harmonized NTL 2018 simVIIRS
2018,Guarico,GU,12.8626,Li et al. (2020/2024) Figshare:9828827 file:57065288 Harmonized NTL 2018 simVIIRS
2018,Lara,LA,16.0529,Li et al. (2020/2024) Figshare:9828827 file:57065288 Harmonized NTL 2018 simVIIRS
2018,Merida,ME,12.6492,Li et al. (2020/2024) Figshare:9828827 file:57065288 Harmonized NTL 2018 simVIIRS
2018,Miranda,MI,23.8959,Li et al. (2020/2024) Figshare:9828827 file:57065288 Harmonized NTL 2018 simVIIRS
2018,Monagas,MO,19.7457,Li et al. (2020/2024) Figshare:9828827 file:57065288 Harmonized NTL 2018 simVIIRS
2018,Nueva Esparta,NE,29.4484,Li et al. (2020/2024) Figshare:9828827 file:57065288 Harmonized NTL 2018 simVIIRS
2018,Portuguesa,PO,14.2303,Li et al. (2020/2024) Figshare:9828827 file:57065288 Harmonized NTL 2018 simVIIRS
2018,Sucre,SU,13.6231,Li et al. (2020/2024) Figshare:9828827 file:57065288 Harmonized NTL 2018 simVIIRS
2018,Tachira,TA,15.078,Li et al. (2020/2024) Figshare:9828827 file:57065288 Harmonized NTL 2018 simVIIRS
2018,Trujillo,TR,13.0025,Li et al. (2020/2024) Figshare:9828827 file:57065288 Harmonized NTL 2018 simVIIRS
2018,Vargas,VA,33.9953,Li et al. (2020/2024) Figshare:9828827 file:57065288 Harmonized NTL 2018 simVIIRS
2018,Yaracuy,YA,15.9011,Li et al. (2020/2024) Figshare:9828827 file:57065288 Harmonized NTL 2018 simVIIRS
2018,Zulia,ZU,19.6442,Li et al. (2020/2024) Figshare:9828827 file:57065288 Harmonized NTL 2018 simVIIRS
2019,Amazonas,AM,12.6293,Li et al. (2020/2024) Figshare:9828827 file:57065285 Harmonized NTL 2019 simVIIRS
2019,Anzoategui,AN,20.8409,Li et al. (2020/2024) Figshare:9828827 file:57065285 Harmonized NTL 2019 simVIIRS
2019,Apure,AP,12.0859,Li et al. (2020/2024) Figshare:9828827 file:57065285 Harmonized NTL 2019 simVIIRS
2019,Aragua,AR,25.9013,Li et al. (2020/2024) Figshare:9828827 file:57065285 Harmonized NTL 2019 simVIIRS
2019,Barinas,BA,14.3329,Li et al. (2020/2024) Figshare:9828827 file:57065285 Harmonized NTL 2019 simVIIRS
2019,Bolivar,BO,16.051,Li et al. (2020/2024) Figshare:9828827 file:57065285 Harmonized NTL 2019 simVIIRS
2019,Carabobo,CA,24.0626,Li et al. (2020/2024) Figshare:9828827 file:57065285 Harmonized NTL 2019 simVIIRS
2019,Cojedes,CO,20.5609,Li et al. (2020/2024) Figshare:9828827 file:57065285 Harmonized NTL 2019 simVIIRS
2019,Delta Amacuro,DE,24.0613,Li et al. (2020/2024) Figshare:9828827 file:57065285 Harmonized NTL 2019 simVIIRS
2019,Dependencias Fed.,DF,27.4181,Li et al. (2020/2024) Figshare:9828827 file:57065285 Harmonized NTL 2019 simVIIRS
2019,Distrito Capital,DC,47.4673,Li et al. (2020/2024) Figshare:9828827 file:57065285 Harmonized NTL 2019 simVIIRS
2019,Falcon,FA,19.9155,Li et al. (2020/2024) Figshare:9828827 file:57065285 Harmonized NTL 2019 simVIIRS
2019,Guarico,GU,14.0837,Li et al. (2020/2024) Figshare:9828827 file:57065285 Harmonized NTL 2019 simVIIRS
2019,Lara,LA,17.3184,Li et al. (2020/2024) Figshare:9828827 file:57065285 Harmonized NTL 2019 simVIIRS
2019,Merida,ME,14.3239,Li et al. (2020/2024) Figshare:9828827 file:57065285 Harmonized NTL 2019 simVIIRS
2019,Miranda,MI,25.5702,Li et al. (2020/2024) Figshare:9828827 file:57065285 Harmonized NTL 2019 simVIIRS
2019,Monagas,MO,22.2337,Li et al. (2020/2024) Figshare:9828827 file:57065285 Harmonized NTL 2019 simVIIRS
2019,Nueva Esparta,NE,30.3721,Li et al. (2020/2024) Figshare:9828827 file:57065285 Harmonized NTL 2019 simVIIRS
2019,Portuguesa,PO,14.8248,Li et al. (2020/2024) Figshare:9828827 file:57065285 Harmonized NTL 2019 simVIIRS
2019,Sucre,SU,14.1393,Li et al. (2020/2024) Figshare:9828827 file:57065285 Harmonized NTL 2019 simVIIRS
2019,Tachira,TA,16.8904,Li et al. (2020/2024) Figshare:9828827 file:57065285 Harmonized NTL 2019 simVIIRS
2019,Trujillo,TR,13.8936,Li et al. (2020/2024) Figshare:9828827 file:57065285 Harmonized NTL 2019 simVIIRS
2019,Vargas,VA,35.8429,Li et al. (2020/2024) Figshare:9828827 file:57065285 Harmonized NTL 2019 simVIIRS
2019,Yaracuy,YA,16.9399,Li et al. (2020/2024) Figshare:9828827 file:57065285 Harmonized NTL 2019 simVIIRS
2019,Zulia,ZU,22.213,Li et al. (2020/2024) Figshare:9828827 file:57065285 Harmonized NTL 2019 simVIIRS
2020,Amazonas,AM,13.5202,Li et al. (2020/2024) Figshare:9828827 file:57065297 Harmonized NTL 2020 simVIIRS
2020,Anzoategui,AN,18.1766,Li et al. (2020/2024) Figshare:9828827 file:57065297 Harmonized NTL 2020 simVIIRS
2020,Apure,AP,10.054,Li et al. (2020/2024) Figshare:9828827 file:57065297 Harmonized NTL 2020 simVIIRS
2020,Aragua,AR,23.017,Li et al. (2020/2024) Figshare:9828827 file:57065297 Harmonized NTL 2020 simVIIRS
2020,Barinas,BA,11.853,Li et al. (2020/2024) Figshare:9828827 file:57065297 Harmonized NTL 2020 simVIIRS
2020,Bolivar,BO,14.7275,Li et al. (2020/2024) Figshare:9828827 file:57065297 Harmonized NTL 2020 simVIIRS
2020,Carabobo,CA,21.1202,Li et al. (2020/2024) Figshare:9828827 file:57065297 Harmonized NTL 2020 simVIIRS
2020,Cojedes,CO,16.9269,Li et al. (2020/2024) Figshare:9828827 file:57065297 Harmonized NTL 2020 simVIIRS
2020,Delta Amacuro,DE,20.1558,Li et al. (2020/2024) Figshare:9828827 file:57065297 Harmonized NTL 2020 simVIIRS
2020,Dependencias Fed.,DF,24.9803,Li et al. (2020/2024) Figshare:9828827 file:57065297 Harmonized NTL 2020 simVIIRS
2020,Distrito Capital,DC,47.4909,Li et al. (2020/2024) Figshare:9828827 file:57065297 Harmonized NTL 2020 simVIIRS
2020,Falcon,FA,17.8737,Li et al. (2020/2024) Figshare:9828827 file:57065297 Harmonized NTL 2020 simVIIRS
2020,Guarico,GU,11.864,Li et al. (2020/2024) Figshare:9828827 file:57065297 Harmonized NTL 2020 simVIIRS
2020,Lara,LA,14.8748,Li et al. (2020/2024) Figshare:9828827 file:57065297 Harmonized NTL 2020 simVIIRS
2020,Merida,ME,11.7553,Li et al. (2020/2024) Figshare:9828827 file:57065297 Harmonized NTL 2020 simVIIRS
2020,Miranda,MI,23.0023,Li et al. (2020/2024) Figshare:9828827 file:57065297 Harmonized NTL 2020 simVIIRS
2020,Monagas,MO,19.3021,Li et al. (2020/2024) Figshare:9828827 file:57065297 Harmonized NTL 2020 simVIIRS
2020,Nueva Esparta,NE,28.3405,Li et al. (2020/2024) Figshare:9828827 file:57065297 Harmonized NTL 2020 simVIIRS
2020,Portuguesa,PO,12.6986,Li et al. (2020/2024) Figshare:9828827 file:57065297 Harmonized NTL 2020 simVIIRS
2020,Sucre,SU,12.2667,Li et al. (2020/2024) Figshare:9828827 file:57065297 Harmonized NTL 2020 simVIIRS
2020,Tachira,TA,14.461,Li et al. (2020/2024) Figshare:9828827 file:57065297 Harmonized NTL 2020 simVIIRS
2020,Trujillo,TR,11.6438,Li et al. (2020/2024) Figshare:9828827 file:57065297 Harmonized NTL 2020 simVIIRS
2020,Vargas,VA,33.6471,Li et al. (2020/2024) Figshare:9828827 file:57065297 Harmonized NTL 2020 simVIIRS
2020,Yaracuy,YA,14.9869,Li et al. (2020/2024) Figshare:9828827 file:57065297 Harmonized NTL 2020 simVIIRS
2020,Zulia,ZU,18.3677,Li et al. (2020/2024) Figshare:9828827 file:57065297 Harmonized NTL 2020 simVIIRS
2021,Amazonas,AM,14.2788,Li et al. (2020/2024) Figshare:9828827 file:57065294 Harmonized NTL 2021 simVIIRS
2021,Anzoategui,AN,18.4448,Li et al. (2020/2024) Figshare:9828827 file:57065294 Harmonized NTL 2021 simVIIRS
2021,Apure,AP,11.2907,Li et al. (2020/2024) Figshare:9828827 file:57065294 Harmonized NTL 2021 simVIIRS
2021,Aragua,AR,22.5515,Li et al. (2020/2024) Figshare:9828827 file:57065294 Harmonized NTL 2021 simVIIRS
2021,Barinas,BA,12.8599,Li et al. (2020/2024) Figshare:9828827 file:57065294 Harmonized NTL 2021 simVIIRS
2021,Bolivar,BO,15.4808,Li et al. (2020/2024) Figshare:9828827 file:57065294 Harmonized NTL 2021 simVIIRS
2021,Carabobo,CA,20.7953,Li et al. (2020/2024) Figshare:9828827 file:57065294 Harmonized NTL 2021 simVIIRS
2021,Cojedes,CO,18.2706,Li et al. (2020/2024) Figshare:9828827 file:57065294 Harmonized NTL 2021 simVIIRS
2021,Delta Amacuro,DE,20.1876,Li et al. (2020/2024) Figshare:9828827 file:57065294 Harmonized NTL 2021 simVIIRS
2021,Dependencias Fed.,DF,23.3323,Li et al. (2020/2024) Figshare:9828827 file:57065294 Harmonized NTL 2021 simVIIRS
2021,Distrito Capital,DC,48.6111,Li et al. (2020/2024) Figshare:9828827 file:57065294 Harmonized NTL 2021 simVIIRS
2021,Falcon,FA,16.5572,Li et al. (2020/2024) Figshare:9828827 file:57065294 Harmonized NTL 2021 simVIIRS
2021,Guarico,GU,12.6322,Li et al. (2020/2024) Figshare:9828827 file:57065294 Harmonized NTL 2021 simVIIRS
2021,Lara,LA,15.0917,Li et al. (2020/2024) Figshare:9828827 file:57065294 Harmonized NTL 2021 simVIIRS
2021,Merida,ME,11.6627,Li et al. (2020/2024) Figshare:9828827 file:57065294 Harmonized NTL 2021 simVIIRS
2021,Miranda,MI,21.5971,Li et al. (2020/2024) Figshare:9828827 file:57065294 Harmonized NTL 2021 simVIIRS
2021,Monagas,MO,19.4189,Li et al. (2020/2024) Figshare:9828827 file:57065294 Harmonized NTL 2021 simVIIRS
2021,Nueva Esparta,NE,26.4845,Li et al. (2020/2024) Figshare:9828827 file:57065294 Harmonized NTL 2021 simVIIRS
2021,Portuguesa,PO,13.1782,Li et al. (2020/2024) Figshare:9828827 file:57065294 Harmonized NTL 2021 simVIIRS
2021,Sucre,SU,11.6869,Li et al. (2020/2024) Figshare:9828827 file:57065294 Harmonized NTL 2021 simVIIRS
2021,Tachira,TA,14.2027,Li et al. (2020/2024) Figshare:9828827 file:57065294 Harmonized NTL 2021 simVIIRS
2021,Trujillo,TR,11.4053,Li et al. (2020/2024) Figshare:9828827 file:57065294 Harmonized NTL 2021 simVIIRS
2021,Vargas,VA,32.5178,Li et al. (2020/2024) Figshare:9828827 file:57065294 Harmonized NTL 2021 simVIIRS
2021,Yaracuy,YA,15.045,Li et al. (2020/2024) Figshare:9828827 file:57065294 Harmonized NTL 2021 simVIIRS
2021,Zulia,ZU,19.6101,Li et al. (2020/2024) Figshare:9828827 file:57065294 Harmonized NTL 2021 simVIIRS
2022,Amazonas,AM,13.7442,Li et al. (2020/2024) Figshare:9828827 file:57065303 Harmonized NTL 2022 simVIIRS
2022,Anzoategui,AN,17.6845,Li et al. (2020/2024) Figshare:9828827 file:57065303 Harmonized NTL 2022 simVIIRS
2022,Apure,AP,10.8335,Li et al. (2020/2024) Figshare:9828827 file:57065303 Harmonized NTL 2022 simVIIRS
2022,Aragua,AR,22.2949,Li et al. (2020/2024) Figshare:9828827 file:57065303 Harmonized NTL 2022 simVIIRS
2022,Barinas,BA,12.3013,Li et al. (2020/2024) Figshare:9828827 file:57065303 Harmonized NTL 2022 simVIIRS
2022,Bolivar,BO,14.207,Li et al. (2020/2024) Figshare:9828827 file:57065303 Harmonized NTL 2022 simVIIRS
2022,Carabobo,CA,20.7706,Li et al. (2020/2024) Figshare:9828827 file:57065303 Harmonized NTL 2022 simVIIRS
2022,Cojedes,CO,17.4329,Li et al. (2020/2024) Figshare:9828827 file:57065303 Harmonized NTL 2022 simVIIRS
2022,Delta Amacuro,DE,20.1967,Li et al. (2020/2024) Figshare:9828827 file:57065303 Harmonized NTL 2022 simVIIRS
2022,Dependencias Fed.,DF,23.4407,Li et al. (2020/2024) Figshare:9828827 file:57065303 Harmonized NTL 2022 simVIIRS
2022,Distrito Capital,DC,49.3918,Li et al. (2020/2024) Figshare:9828827 file:57065303 Harmonized NTL 2022 simVIIRS
2022,Falcon,FA,16.7456,Li et al. (2020/2024) Figshare:9828827 file:57065303 Harmonized NTL 2022 simVIIRS
2022,Guarico,GU,11.9702,Li et al. (2020/2024) Figshare:9828827 file:57065303 Harmonized NTL 2022 simVIIRS
2022,Lara,LA,15.1928,Li et al. (2020/2024) Figshare:9828827 file:57065303 Harmonized NTL 2022 simVIIRS
2022,Merida,ME,11.7926,Li et al. (2020/2024) Figshare:9828827 file:57065303 Harmonized NTL 2022 simVIIRS
2022,Miranda,MI,21.9885,Li et al. (2020/2024) Figshare:9828827 file:57065303 Harmonized NTL 2022 simVIIRS
2022,Monagas,MO,18.6542,Li et al. (2020/2024) Figshare:9828827 file:57065303 Harmonized NTL 2022 simVIIRS
2022,Nueva Esparta,NE,26.4269,Li et al. (2020/2024) Figshare:9828827 file:57065303 Harmonized NTL 2022 simVIIRS
2022,Portuguesa,PO,13.114,Li et al. (2020/2024) Figshare:9828827 file:57065303 Harmonized NTL 2022 simVIIRS
2022,Sucre,SU,11.9759,Li et al. (2020/2024) Figshare:9828827 file:57065303 Harmonized NTL 2022 simVIIRS
2022,Tachira,TA,14.0529,Li et al. (2020/2024) Figshare:9828827 file:57065303 Harmonized NTL 2022 simVIIRS
2022,Trujillo,TR,11.2075,Li et al. (2020/2024) Figshare:9828827 file:57065303 Harmonized NTL 2022 simVIIRS
2022,Vargas,VA,32.2912,Li et al. (2020/2024) Figshare:9828827 file:57065303 Harmonized NTL 2022 simVIIRS
2022,Yaracuy,YA,15.2023,Li et al. (2020/2024) Figshare:9828827 file:57065303 Harmonized NTL 2022 simVIIRS
2022,Zulia,ZU,19.3573,Li et al. (2020/2024) Figshare:9828827 file:57065303 Harmonized NTL 2022 simVIIRS
2023,Amazonas,AM,11.8596,Li et al. (2020/2024) Figshare:9828827 file:57065300 Harmonized NTL 2023 simVIIRS
2023,Anzoategui,AN,15.8413,Li et al. (2020/2024) Figshare:9828827 file:57065300 Harmonized NTL 2023 simVIIRS
2023,Apure,AP,10.2852,Li et al. (2020/2024) Figshare:9828827 file:57065300 Harmonized NTL 2023 simVIIRS
2023,Aragua,AR,21.3161,Li et al. (2020/2024) Figshare:9828827 file:57065300 Harmonized NTL 2023 simVIIRS
2023,Barinas,BA,11.1115,Li et al. (2020/2024) Figshare:9828827 file:57065300 Harmonized NTL 2023 simVIIRS
2023,Bolivar,BO,12.616,Li et al. (2020/2024) Figshare:9828827 file:57065300 Harmonized NTL 2023 simVIIRS
2023,Carabobo,CA,20.003,Li et al. (2020/2024) Figshare:9828827 file:57065300 Harmonized NTL 2023 simVIIRS
2023,Cojedes,CO,16.2757,Li et al. (2020/2024) Figshare:9828827 file:57065300 Harmonized NTL 2023 simVIIRS
2023,Delta Amacuro,DE,17.6007,Li et al. (2020/2024) Figshare:9828827 file:57065300 Harmonized NTL 2023 simVIIRS
2023,Dependencias Fed.,DF,21.8132,Li et al. (2020/2024) Figshare:9828827 file:57065300 Harmonized NTL 2023 simVIIRS
2023,Distrito Capital,DC,50.8592,Li et al. (2020/2024) Figshare:9828827 file:57065300 Harmonized NTL 2023 simVIIRS
2023,Falcon,FA,15.4639,Li et al. (2020/2024) Figshare:9828827 file:57065300 Harmonized NTL 2023 simVIIRS
2023,Guarico,GU,10.6332,Li et al. (2020/2024) Figshare:9828827 file:57065300 Harmonized NTL 2023 simVIIRS
2023,Lara,LA,14.4898,Li et al. (2020/2024) Figshare:9828827 file:57065300 Harmonized NTL 2023 simVIIRS
2023,Merida,ME,11.7808,Li et al. (2020/2024) Figshare:9828827 file:57065300 Harmonized NTL 2023 simVIIRS
2023,Miranda,MI,21.1212,Li et al. (2020/2024) Figshare:9828827 file:57065300 Harmonized NTL 2023 simVIIRS
2023,Monagas,MO,16.809,Li et al. (2020/2024) Figshare:9828827 file:57065300 Harmonized NTL 2023 simVIIRS
2023,Nueva Esparta,NE,24.6805,Li et al. (2020/2024) Figshare:9828827 file:57065300 Harmonized NTL 2023 simVIIRS
2023,Portuguesa,PO,12.2843,Li et al. (2020/2024) Figshare:9828827 file:57065300 Harmonized NTL 2023 simVIIRS
2023,Sucre,SU,11.8933,Li et al. (2020/2024) Figshare:9828827 file:57065300 Harmonized NTL 2023 simVIIRS
2023,Tachira,TA,13.5511,Li et al. (2020/2024) Figshare:9828827 file:57065300 Harmonized NTL 2023 simVIIRS
2023,Trujillo,TR,11.3933,Li et al. (2020/2024) Figshare:9828827 file:57065300 Harmonized NTL 2023 simVIIRS
2023,Vargas,VA,29.8115,Li et al. (2020/2024) Figshare:9828827 file:57065300 Harmonized NTL 2023 simVIIRS
2023,Yaracuy,YA,14.782,Li et al. (2020/2024) Figshare:9828827 file:57065300 Harmonized NTL 2023 simVIIRS
2023,Zulia,ZU,17.1875,Li et al. (2020/2024) Figshare:9828827 file:57065300 Harmonized NTL 2023 simVIIRS
2024,Amazonas,AM,10.7257,Li et al. (2020/2024) Figshare:9828827 file:57065306 Harmonized NTL 2024 simVIIRS
2024,Anzoategui,AN,15.9055,Li et al. (2020/2024) Figshare:9828827 file:57065306 Harmonized NTL 2024 simVIIRS
2024,Apure,AP,10.1811,Li et al. (2020/2024) Figshare:9828827 file:57065306 Harmonized NTL 2024 simVIIRS
2024,Aragua,AR,21.5046,Li et al. (2020/2024) Figshare:9828827 file:57065306 Harmonized NTL 2024 simVIIRS
2024,Barinas,BA,11.6986,Li et al. (2020/2024) Figshare:9828827 file:57065306 Harmonized NTL 2024 simVIIRS
2024,Bolivar,BO,11.9791,Li et al. (2020/2024) Figshare:9828827 file:57065306 Harmonized NTL 2024 simVIIRS
2024,Carabobo,CA,19.3925,Li et al. (2020/2024) Figshare:9828827 file:57065306 Harmonized NTL 2024 simVIIRS
2024,Cojedes,CO,15.7119,Li et al. (2020/2024) Figshare:9828827 file:57065306 Harmonized NTL 2024 simVIIRS
2024,Delta Amacuro,DE,16.8659,Li et al. (2020/2024) Figshare:9828827 file:57065306 Harmonized NTL 2024 simVIIRS
2024,Dependencias Fed.,DF,21.1131,Li et al. (2020/2024) Figshare:9828827 file:57065306 Harmonized NTL 2024 simVIIRS
2024,Distrito Capital,DC,52.5661,Li et al. (2020/2024) Figshare:9828827 file:57065306 Harmonized NTL 2024 simVIIRS
2024,Falcon,FA,14.6656,Li et al. (2020/2024) Figshare:9828827 file:57065306 Harmonized NTL 2024 simVIIRS
2024,Guarico,GU,10.6414,Li et al. (2020/2024) Figshare:9828827 file:57065306 Harmonized NTL 2024 simVIIRS
2024,Lara,LA,15.0153,Li et al. (2020/2024) Figshare:9828827 file:57065306 Harmonized NTL 2024 simVIIRS
2024,Merida,ME,12.2679,Li et al. (2020/2024) Figshare:9828827 file:57065306 Harmonized NTL 2024 simVIIRS
2024,Miranda,MI,21.782,Li et al. (2020/2024) Figshare:9828827 file:57065306 Harmonized NTL 2024 simVIIRS
2024,Monagas,MO,17.1929,Li et al. (2020/2024) Figshare:9828827 file:57065306 Harmonized NTL 2024 simVIIRS
2024,Nueva Esparta,NE,24.8316,Li et al. (2020/2024) Figshare:9828827 file:57065306 Harmonized NTL 2024 simVIIRS
2024,Portuguesa,PO,12.8798,Li et al. (2020/2024) Figshare:9828827 file:57065306 Harmonized NTL 2024 simVIIRS
2024,Sucre,SU,13.0195,Li et al. (2020/2024) Figshare:9828827 file:57065306 Harmonized NTL 2024 simVIIRS
2024,Tachira,TA,13.633,Li et al. (2020/2024) Figshare:9828827 file:57065306 Harmonized NTL 2024 simVIIRS
2024,Trujillo,TR,12.09,Li et al. (2020/2024) Figshare:9828827 file:57065306 Harmonized NTL 2024 simVIIRS
2024,Vargas,VA,28.302,Li et al. (2020/2024) Figshare:9828827 file:57065306 Harmonized NTL 2024 simVIIRS
2024,Yaracuy,YA,14.8918,Li et al. (2020/2024) Figshare:9828827 file:57065306 Harmonized NTL 2024 simVIIRS
2024,Zulia,ZU,16.4779,Li et al. (2020/2024) Figshare:9828827 file:57065306 Harmonized NTL 2024 simVIIRS
